practice_number,practice_name,town,suburb,physical_address,telephone,province,latitude,longitude,location_precision,source_name,source_updated_at,source_page,validation_status,is_active
375861,Cape Town Airport Pharmacy,AIRPORT INDUSTRIA,AIRPORT INDUSTRIA,"SHOP 45 GROUND FLOOR RETAIL, PLAZA AIRPORT RING ROAD, AIRPORT INDUSTRIA",021 9345217,WESTERN CAPE,-33.970159,18.593912,town,Western Cape Pharmacy Network List,2024-07-15,1,verified,true
670898,Clicks Pharmacy - Aliwal North,ALIWAL NORTH,ALIWAL NORTH,"SHOP 12, BRIDGEGATE SHOPPING CENTRE, CORNER ROBERTSON & ALIWAL STREET",086 0103030,OUTSIDE WESTERN CAPE,-30.691376,26.708447,town,Western Cape Pharmacy Network List,2024-07-15,1,verified,true
227951,Vangate Mall Clicks Pharmacy,ATHLONE,ATHLONE,"SHOP 65 VANGATE MALL, VANGUARD DRIVE, ATHLONE",021 6381289,WESTERN CAPE,-33.966082,18.507612,town,Western Cape Pharmacy Network List,2024-07-15,1,verified,true
70343,Medi-Kem Pharmacy,ATHLONE,ATHLONE,"77 BELGRAVIA ROAD, ATHLONE",021 6967126,WESTERN CAPE,-33.967376,18.508482,town,Western Cape Pharmacy Network List,2024-07-15,1,verified,true
311472,Med-Col Pharmacy,ATLANTIS,ATLANTIS,"DOLLIE CENTRE, 2 MARK STREET",021 5728222,WESTERN CAPE,-33.567471,18.480212,town,Western Cape Pharmacy Network List,2024-07-15,1,verified,true
441694,Atlantis Pharmacy,ATLANTIS,ATLANTIS,"SHOP 7 WESFLEUR TOWN CENTRE, WESFLEUR CIRCLE, ATLANTIS",021 5725552,WESTERN CAPE,-33.567447,18.481412,town,Western Cape Pharmacy Network List,2024-07-15,1,verified,true
182354,Medrite Pharmacy - Atlantis,ATLANTIS,ATLANTIS,"SHOPRITE ATLANTIS, CNR ARION & REYGERSDAL DRIVE, ATLANTIS",021 5728921,WESTERN CAPE,-33.564247,18.482188,town,Western Cape Pharmacy Network List,2024-07-15,1,verified,true
618136,Clicks Pharmacy Atlantis,ATLANTIS,ATLANTIS,"SHOP LS35 ATLANTIS CITY MALL, WESFLEUR CIRCLE, ATLANTIS",021 5720332,WESTERN CAPE,-33.564412,18.482188,town,Western Cape Pharmacy Network List,2024-07-15,1,verified,true
671029,Clicks Pharmacy - Atteridgeville,ATTERIDGEVILLE,ATTERIDGEVILLE,"SHOP NO. G04, ATLYN SHOPPING CENTRE, CNR KHOZA PHUDUFUDU & UMKHOMBE",086 0103030,OUTSIDE WESTERN CAPE,-25.772612,28.069953,town,Western Cape Pharmacy Network List,2024-07-15,1,verified,true
6031560,Parel Valley Pharmacy,AUDAS EST,AUDAS EST,"SHOP 10, TWIN OAKS CENTRE, 144 MAIN ROAD",021 8523444,WESTERN CAPE,-34.083494,18.844988,town,Western Cape Pharmacy Network List,2024-07-15,1,verified,true
615145,Pharmacy At Spar - Aurora,AURORA,AURORA,"SHOP 19-22 IPIC SHOPPING CENTRE, CNR AURORA STREET & BURTON ROAD, AURORA",021 9760570,WESTERN CAPE,-32.704612,18.485694,town,Western Cape Pharmacy Network List,2024-07-15,1,verified,true
6000150,Nuweveld Pharmacy,BEAUFORT WEST,BEAUFORT WEST,"47 DONKIN STREET, BEAUFORT WEST",023 4142151,WESTERN CAPE,-32.354059,22.584612,town,Western Cape Pharmacy Network List,2024-07-15,1,verified,true
390526,Clicks Pharmacy -Beaufort West,BEAUFORT WEST,BEAUFORT WEST,"SHOP 1 SHOPRITE CENTRE, 115 DONKIN STREET, BEAUFORT WEST",023 4142031,WESTERN CAPE,-32.353635,22.582659,town,Western Cape Pharmacy Network List,2024-07-15,1,verified,true
707511,Clicks Pharmacy - Erica Square,BELHAR,BELHAR,"SHOP 7 ERICA SQUARE, CNR ERICA DRIVE & KERN CRESCENT, BELHAR",021 9530420,WESTERN CAPE,-33.946365,18.628071,town,Western Cape Pharmacy Network List,2024-07-15,1,verified,true
6072526,Tyger Manor Apteek,BELLVILLE,BELLVILLE,"SHOP 10, WILLIE VAN SCHOOR AVENUE, TYGER MANOR CENTRE",021 9190086,WESTERN CAPE,-33.900906,18.629671,town,Western Cape Pharmacy Network List,2024-07-15,1,verified,true
6005861,Louis Leipoldt,BELLVILLE,BELLVILLE,CNR VOORTREKKER & BROADWAY STREE,021 9487100,WESTERN CAPE,-33.899729,18.629976,town,Western Cape Pharmacy Network List,2024-07-15,1,verified,true
6027687,Broadway Pharmacy,BELLVILLE,BELLVILLE,"BROADWAY APTEEK / PHARMACY, 12TH AVE 91, BOSTON",021 9481611,WESTERN CAPE,-33.901165,18.629318,town,Western Cape Pharmacy Network List,2024-07-15,2,verified,true
6044859,Durbell Pharmacy,BELLVILLE,BELLVILLE,"SHOP 553 UPPER LEVEL, TYGERVALLEY CENTRE CNR BILL, BEZUIDENHOUT & WILLIE VAN SCHOOR",021 9141777,WESTERN CAPE,-33.898694,18.626612,town,Western Cape Pharmacy Network List,2024-07-15,2,verified,true
193615,Dis-Chem Willow Bridge Mall Phar,BELLVILLE,BELLVILLE,"SHOP G9 WILLOWBRIDGE SHOPPING, CENTRE CNR CARL CRONJE DRIVE &, OLD OAK ROAD",021 9177500,WESTERN CAPE,-33.901094,18.630871,town,Western Cape Pharmacy Network List,2024-07-15,2,verified,true
6027555,Mini-Kem Pharmacy,BELLVILLE,BELLVILLE,"187 VOORTREKKER ROAD, BELLVILLE",021 9480616,WESTERN CAPE,-33.897776,18.626894,town,Western Cape Pharmacy Network List,2024-07-15,2,verified,true
930040,Clicks Pharmacy Middestad Mall B,BELLVILLE,BELLVILLE,"SHOP 4 1ST FLOOR MIDDESTAD MALL, 16 - 24 CHARL MALAN STREET, BELLVILLE",021 9308471,WESTERN CAPE,-33.899518,18.629647,town,Western Cape Pharmacy Network List,2024-07-15,2,verified,true
6000185,P R Botha B K,BELLVILLE,BELLVILLE,"EAST GALLERY SANLAM HEAD OFFICE, 2 STRAND ROAD, BELLVILLE",021 9462408,WESTERN CAPE,-33.898835,18.629271,town,Western Cape Pharmacy Network List,2024-07-15,2,verified,true
6000312,M-Kem Medicine City,BELLVILLE,BELLVILLE,"224 CNR DURBAN ROAD & RAGLAN, STREET, BELLVILLE",021 9485706,WESTERN CAPE,-33.902059,18.631506,town,Western Cape Pharmacy Network List,2024-07-15,2,verified,true
756059,Clicks Pharmacy - Sunbel,BELLVILLE,BELLVILLE,"SHOP 1 SUNBEL CENTRE, 2 OLD PAARL ROAD, BELLVILLE",021 9463401,WESTERN CAPE,-33.898059,18.629694,town,Western Cape Pharmacy Network List,2024-07-15,2,verified,true
6038581,City-Kem Pharmacy,BELLVILLE,BELLVILLE,"169 CNR VOORTREKKER ROAD & KORT, STREET, BELLVILLE",021 9463076,WESTERN CAPE,-33.902529,18.630518,town,Western Cape Pharmacy Network List,2024-07-15,2,verified,true
673528,Clicks Pharmacy - Rynfield Squar,BENONI,BENONI,"SHOP 14, RYNFIELD SQUARE, PRETORIA ROAD, PRETORIA ROAD",086 0254257,WESTERN CAPE,,,unknown,Western Cape Pharmacy Network List,2024-07-15,2,needs_location_review,true
685674,Clicks Pharmacy - The Berg,BERGBRON,BERGBRON,CNR. BERGBRON DRIVE & GORDON ROA,086 0254257,WESTERN CAPE,,,unknown,Western Cape Pharmacy Network List,2024-07-15,2,needs_location_review,true
904295,Clicks Pharmacy Bergville,BERGVILLE,BERGVILLE,"SHOP 16, BERGVILLE MALL, 45 TATHAM ROAD",021 4601555,WESTERN CAPE,,,unknown,Western Cape Pharmacy Network List,2024-07-15,2,needs_location_review,true
695246,Pharmacy At Spar Bergvliet,BERGVLIET,BERGVLIET,"SHOP 8 HARRY GOEMANS GARDEN, CENTRE 151 MAIN ROAD, BERGVLIET",021 2050308,WESTERN CAPE,,,unknown,Western Cape Pharmacy Network List,2024-07-15,2,needs_location_review,true
6069525,Hoogland Apteek,BETHLEHEM,BETHLEHEM,"HOOGLAND MEDI-CLINIC, DE LEEUW STREET",058 3072014,WESTERN CAPE,,,unknown,Western Cape Pharmacy Network List,2024-07-15,2,needs_location_review,true
6029205,Durbell Vtakem Pharamcy,BIG BAY,BIG BAY,"SHOP 9 SEASIDE VILLAGE CENTRE, CNR OTTO DU PLESSIS DRIVE &, CORMORANT AVENUE",021 5545037,WESTERN CAPE,,,unknown,Western Cape Pharmacy Network List,2024-07-15,2,needs_location_review,true
716316,Clicks Pharmacy Seaside Village,BIG BAY,BIG BAY,"SHOP 9, SEASIDE VILLAGE, BIG BAY",086 0254257,WESTERN CAPE,,,unknown,Western Cape Pharmacy Network List,2024-07-15,2,needs_location_review,true
364908,Medirite Pharmacy - Bishop Lavis,BISHOP LAVIS,BISHOP LAVIS,"SHOPRITE BISHOP LAVIS CNR LAVIS, DRIVE & JOHN RAMSEY AVENUE, BISHOP LAVIS",021 9342363,WESTERN CAPE,-33.945659,18.580647,town,Western Cape Pharmacy Network List,2024-07-15,2,verified,true
1161571,Pharmacy At Spar - Mathmay,BLANCO,BLANCO,"21 MONTAQUE STREET, PLOT 3480",044 8700071,WESTERN CAPE,,,unknown,Western Cape Pharmacy Network List,2024-07-15,2,needs_location_review,true
88617,Hydromed Bloemfontein Pharmacy,BLOEMFONTEIN,BLOEMFONTEIN,"CNR KELLNER & PARFITT AVENUE, WESTDENE",051 4046498,WESTERN CAPE,,,unknown,Western Cape Pharmacy Network List,2024-07-15,2,needs_location_review,true
6081142,Sonneblom Pharmacy,BLOEMHOF,BLOEMHOF,"CNR SONNEBLOM STREET & HEIDE, ROAD",021 9199779,WESTERN CAPE,,,unknown,Western Cape Pharmacy Network List,2024-07-15,2,needs_location_review,true
6041655,Medicare Blomtuin,BLOMTUIN EST,BLOMTUIN EST,"BLOMTUIN CENTRE, 12 SUIKERBOSSIE STREET, BLOMTUIN EST",021 9191663,WESTERN CAPE,,,unknown,Western Cape Pharmacy Network List,2024-07-15,2,needs_location_review,true
334030,Clicks Pharmacy,BLOUBERG,BLOUBERG,"SHOP 65, EDEN ON THE BAY SHOPPING CENTRE, BIG BAY BEACH ESTATE",086 0103030,WESTERN CAPE,,,unknown,Western Cape Pharmacy Network List,2024-07-15,2,needs_location_review,true
225142,Medi-Rite Pharmacy Big Bay,BLOUBERG SANDS,BLOUBERG SANDS,"CHECKERS CNR OTTO DU PLESSIS, COMMORANT STREET",021 9804684,WESTERN CAPE,,,unknown,Western Cape Pharmacy Network List,2024-07-15,2,needs_location_review,true
478814,Clicks Pharmacy Seaside Village,BLOUBERGSTRAND,BLOUBERGSTRAND,"SEASIDE VILLAGE CENTRE CNR OTTO, DU PLESSIS DRIVE & CORMORANT, AVENUE",021 5545037,WESTERN CAPE,,,unknown,Western Cape Pharmacy Network List,2024-07-15,2,needs_location_review,true
708550,Dis-Chem Table Bay Mall Pharmacy,BLOUBERGSTRAND,BLOUBERGSTRAND,"SHOP G100 TABLE BAY MALL, CNR R27 & BERKSHIRE BOULEVARD, BLOUBERGSTRAND",021 6120172,WESTERN CAPE,,,unknown,Western Cape Pharmacy Network List,2024-07-15,2,needs_location_review,true
6082629,Westport Pharmacy,BLOUBERGSTRAND,BLOUBERGSTRAND,"SHOP 19 WESTPORT SQUARE, SANDOWN ROAD, BLOUBERGSTRAND",021 5540052,WESTERN CAPE,,,unknown,Western Cape Pharmacy Network List,2024-07-15,2,needs_location_review,true
700932,Clicks Pharmacy -The Bluff Light,BLUFF,BLUFF,54 LIGHTHOUSE ROAD,086 0254257,WESTERN CAPE,,,unknown,Western Cape Pharmacy Network List,2024-07-15,2,needs_location_review,true
6078257,Bonnievale Pharmacy,BONNIEVALE,BONNIEVALE,"93B MAIN ROAD, BONNIEVALE",023 6162765,WESTERN CAPE,-33.937,20.1012,town,Western Cape Pharmacy Network List,2024-07-15,2,verified,true
6065376,Bonteheuwel Pharmacy,BONTHEUWEL,BONTHEUWEL,"488 BONTEHEUWEL AVENUE, BONTHEUWEL",021 6947796,WESTERN CAPE,,,unknown,Western Cape Pharmacy Network List,2024-07-15,2,needs_location_review,true
814067,Clicks Pharmacy Summerfields-Bos,BOSKRUIN,BOSKRUIN,"SHOP 28-SUMMERFIELDS SHOPPING CE, CNR KELLY AND KOWIE RAODS",021 4601555,WESTERN CAPE,,,unknown,Western Cape Pharmacy Network List,2024-07-15,3,needs_location_review,true
356743,Medirite Pharmacy - De Grendel,BOTHASIG,BOTHASIG,"CHECKERS DE GRENDEL CNR, TYGERBERG VALLEY ROAD & BURGUNDY, BOTHASIG",021 5597403,WESTERN CAPE,,,unknown,Western Cape Pharmacy Network List,2024-07-15,3,needs_location_review,true
236225,Bothasig Pharmacy,BOTHASIG,BOTHASIG,"SHOP 28-32 BOTHASIG MALL, VRYBURGER AVENUE, BOTHASIG",021 5581933,WESTERN CAPE,,,unknown,Western Cape Pharmacy Network List,2024-07-15,3,needs_location_review,true
6066208,Durbell Capegate Pharmacy,BRACKENFELL,BRACKENFELL,"LOWER LEVEL SHOP L 49 CAPE GATE, CENTRE CNR DE BRON &, BRACKENFELL BOULEVARD",021 9828077,WESTERN CAPE,-33.880447,18.696282,town,Western Cape Pharmacy Network List,2024-07-15,3,verified,true
921505,Clicks Pharmacy Brackenfell Cent,BRACKENFELL,BRACKENFELL,"SHOP 28 AND 29, BRACKENFELL, CNR OF OLD PAARL RO, AND JEANNETTE STREET",021 4601555,WESTERN CAPE,-33.877435,18.697624,town,Western Cape Pharmacy Network List,2024-07-15,3,verified,true
366706,Cape Gate Hospital Pharmacy,BRACKENFELL,BRACKENFELL,"CAPE GATE MEDI-CLINIC, CNR OKAVANGO & TANNER STREET",021 9835806,WESTERN CAPE,-33.878612,18.7004,town,Western Cape Pharmacy Network List,2024-07-15,3,verified,true
213888,Medirite Pharmacy - Benoni,BRACKENFELL,BRACKENFELL,"CHECKERS HYPER, CNR OOS PRINCES STREET",021 9804684,WESTERN CAPE,-33.879082,18.698682,town,Western Cape Pharmacy Network List,2024-07-15,3,verified,true
230391,Brackenfell Hypermarket Pharmacy,BRACKENFELL,BRACKENFELL,"PICK'N PAY BRACKENFELL, HYPERMARKET CNR OLD PAARL ROAD &, JEANETTE STREET",021 9813276,WESTERN CAPE,-33.8812,18.700282,town,Western Cape Pharmacy Network List,2024-07-15,3,verified,true
6082289,Medirite Pharmacy - Brackenfell,BRACKENFELL,BRACKENFELL,"FAIRBRIDGE MALL CNR OLD PAARL, ROAD & BRACKENFELL BOULEVARD, BRACKENFELL",021 9822650,WESTERN CAPE,-33.878941,18.700141,town,Western Cape Pharmacy Network List,2024-07-15,3,verified,true
6031544,Brackenfell Pharmacy,BRACKENFELL,BRACKENFELL,"ESSENTIAL HEALTH BUILDING CNR, OLD PAARL ROAD & JEANETTE STREET, BRACKENFELL",021 9811824,WESTERN CAPE,-33.877718,18.6976,town,Western Cape Pharmacy Network List,2024-07-15,3,verified,true
469734,Pharmacy At Spar - Cape Gate,BRACKENFELL,BRACKENFELL,"SHOP 23 CAPE GATE LIFESTYLE, CENTRE OKAVANGO ROAD, BRACKENFELL",021 1003188,WESTERN CAPE,-33.878282,18.698847,town,Western Cape Pharmacy Network List,2024-07-15,3,verified,true
520624,Clicks Pharmacy Glengarry,BRACKENFELL,BRACKENFELL,"SHOP 16-24 GLENGARRY VILLAGE, RETAIL CENTRE DE BRON ROAD, BRACKENFELL",021 9812169,WESTERN CAPE,-33.876706,18.699976,town,Western Cape Pharmacy Network List,2024-07-15,3,verified,true
621331,Dis-Chem Cape Gate Pharmacy,BRACKENFELL,BRACKENFELL,"SHOP L49 CAPE GATE SHOPPING, CENTRE CNR OKAVANGO & DE BRON, BRACKENFELL",021 9831000,WESTERN CAPE,-33.877482,18.700282,town,Western Cape Pharmacy Network List,2024-07-15,3,verified,true
348775,Clicks Pharmacy - Fairbridge Mal,BRACKENFELL,BRACKENFELL,"SHOP 42 A BRACKENFELL MALL, OLD PAARL ROAD, BRACKENFELL",021 9811144,WESTERN CAPE,-33.881035,18.6976,town,Western Cape Pharmacy Network List,2024-07-15,3,verified,true
182362,Medirite Pharmacy - Cape Gate,BRACKENFELL,BRACKENFELL,"CHECKERS CAPE GATE CENTRE, CNR DE BRON & OKAVANGO ROAD, BRACKENFELL",021 9818509,WESTERN CAPE,-33.876282,18.701106,town,Western Cape Pharmacy Network List,2024-07-15,3,verified,true
187054,Clicks Pharmacy - Cape Gate,BRACKENFELL,BRACKENFELL,"SHOP U51 CAPEGATE SHOPPING, CENTRE CNR OKAVANGO & DE BRON, BRACKENFELL",021 9814704,WESTERN CAPE,-33.879035,18.698376,town,Western Cape Pharmacy Network List,2024-07-15,3,verified,true
673471,Clicks Pharmacy Bredasdorp,BREDASDORP,BREDASDORP,"SHOP 5 THE PAVILLION SHOPPING, CENTRE CNR LONG & SEALY STREET, BREDASDORP",028 4251304,WESTERN CAPE,-34.533282,20.0398,town,Western Cape Pharmacy Network List,2024-07-15,3,verified,true
375705,Medirite Pharmacy - Bredasdorp,BREDASDORP,BREDASDORP,"CHECKERS BREDASDORP, CNR SEALY & LONG STREET, BREDASDORP",028 4252861,WESTERN CAPE,-34.534859,20.040153,town,Western Cape Pharmacy Network List,2024-07-15,3,verified,true
312630,Medirite Pharmacy - Brits,BRITS,BRITS,"CHECKERS BRITS, PLATINUM MALL STAND 91, CORNER HENRIK VERWOERD ROAD CR",021 9804562,WESTERN CAPE,,,unknown,Western Cape Pharmacy Network List,2024-07-15,3,needs_location_review,true
315060,Clicks Pharmacy - Platinum Mall,BRITS,BRITS,"SHOP 21 PLATINUM MALL, HENDRIK VERWOERD ROAD KROKODIL",086 0103030,WESTERN CAPE,,,unknown,Western Cape Pharmacy Network List,2024-07-15,3,needs_location_review,true
878480,Clicks Brixton Mall Pharmacy,BRIXTON,BRIXTON,"SHOP 12A, BRIXTON PROTEA MALL, CNR HIGH AND FORTUNA STREET",021 4601555,WESTERN CAPE,,,unknown,Western Cape Pharmacy Network List,2024-07-15,3,needs_location_review,true
513555,Clicks Pharmacy Caledon,CALEDON,CALEDON,"SHOP 8 A & B VICTORIA MALL, CNR N2 HIGHWAY & HOOP STREET, CALEDON",028 2123667,WESTERN CAPE,-34.231741,19.425471,town,Western Cape Pharmacy Network List,2024-07-15,3,verified,true
45284,Caledon Pharmacy,CALEDON,CALEDON,"LILIAN LAING BUILDING, 29 PRINCE ALFRED ROAD, CALEDON",028 2141170,WESTERN CAPE,-34.226306,19.4246,town,Western Cape Pharmacy Network List,2024-07-15,3,verified,true
6047629,Lite-Kem Pharmacy (Camps Bay) Pt,CAMPS BAY,CAMPS BAY,"SHOP 20 & 21 THE PROMENADE, 83 VICTORIA ROAD, CAMPS BAY",021 4382888,WESTERN CAPE,,,unknown,Western Cape Pharmacy Network List,2024-07-15,3,needs_location_review,true
6049389,Welgelegen Apteek,CAPE TOWN,CAPE TOWN,"WELGELEGEN SHOPPING CENTRE, MALMESBURY ROAD, WELGELEGEN",021 5580056,WESTERN CAPE,-33.924376,18.421753,town,Western Cape Pharmacy Network List,2024-07-15,3,verified,true
6060323,Steenberg Pharmacy,CAPE TOWN,CAPE TOWN,"SHOP 3 SOMERSET BUILDING, 513 MILITARY ROAD, STEENBERG",021 7017326,WESTERN CAPE,-33.928,18.426741,town,Western Cape Pharmacy Network List,2024-07-15,3,verified,true
6061702,Hyper-Med Pharmacy,CAPE TOWN,CAPE TOWN,"CNR YORK & MAIN ROAD, GREEN POINT",021 4341414,WESTERN CAPE,-33.922447,18.421353,town,Western Cape Pharmacy Network List,2024-07-15,3,verified,true
6066399,Khayelitsha Pharmacy,CAPE TOWN,CAPE TOWN,"STAND 40805 SITE B, 89 SULANI DRIVE, KHAYELITSHA",021 3610159,WESTERN CAPE,-33.926706,18.424576,town,Western Cape Pharmacy Network List,2024-07-15,3,verified,true
6067735,Simonstown Pharmacy,CAPE TOWN,CAPE TOWN,"LONDON HOUSE, 102 ST GEORGES STREET, SIMON'S TOWN",021 7862133,WESTERN CAPE,-33.926988,18.422741,town,Western Cape Pharmacy Network List,2024-07-15,3,verified,true
6069037,Bel-Kem Pharmacy,CAPE TOWN,CAPE TOWN,"CNR AMANDEL ROAD & BARBERTON, LINK, BELHAR",021 9527446,WESTERN CAPE,-33.922588,18.423306,town,Western Cape Pharmacy Network List,2024-07-15,4,verified,true
6069169,Cape Town Station Pharmacy,CAPE TOWN,CAPE TOWN,"SHOP 4 ADMIN BUILDING, 16 ADDERLEY STREET, CAPE TOWN",021 4191631,WESTERN CAPE,-33.924212,18.4266,town,Western Cape Pharmacy Network List,2024-07-15,4,verified,true
6069398,Southern Suburbs Pharmacy,CAPE TOWN,CAPE TOWN,"56 BELVEDERE ROAD, CLAREMONT",021 6717100,WESTERN CAPE,-33.924282,18.421588,town,Western Cape Pharmacy Network List,2024-07-15,4,verified,true
6070078,Athlone Pharmacy,CAPE TOWN,CAPE TOWN,"JACOB TRADING CENTRE, 29 OLD KLIPFONTEIN ROAD, ATHLONE",021 6971613,WESTERN CAPE,-33.927906,18.421424,town,Western Cape Pharmacy Network List,2024-07-15,4,verified,true
6070213,Lite Kem Pharmacy,CAPE TOWN,CAPE TOWN,"24 DARLING STREET, CAPE TOWN",021 4618040,WESTERN CAPE,-33.927576,18.423871,town,Western Cape Pharmacy Network List,2024-07-15,4,verified,true
6071899,Kromboom Pharmacy,CAPE TOWN,CAPE TOWN,"KROMBOOM MEDI CENTRE, CNR SUNNYSIDE & KROMBOOM ROAD, CRAWFORD",021 6967880,WESTERN CAPE,-33.925624,18.422318,town,Western Cape Pharmacy Network List,2024-07-15,4,verified,true
6072062,A White Chemist,CAPE TOWN,CAPE TOWN,61 PLEIN STREET,021 4653332,WESTERN CAPE,-33.926376,18.423871,town,Western Cape Pharmacy Network List,2024-07-15,4,verified,true
6072704,Vitacare Pharmacy-Rondebosch,CAPE TOWN,CAPE TOWN,"SHOP 15 RIVERSIDE MALL, CNR MAIN & BELMONT ROAD, RONDEBOSCH",021 6853030,WESTERN CAPE,-33.925129,18.423612,town,Western Cape Pharmacy Network List,2024-07-15,4,verified,true
6072739,Meadowridge Pharmacy,CAPE TOWN,CAPE TOWN,"SHOP 15 &16 PARK N SHOP, SHOPPING CENTRE FIRGROVE WAY, MEADOWRIDGE",021 7131472,WESTERN CAPE,-33.9252,18.424694,town,Western Cape Pharmacy Network List,2024-07-15,4,verified,true
6073352,Nu Pharmacy Cavendish Square,CAPE TOWN,CAPE TOWN,"SHOP G66 GROUND FLOOR CAVENDISH, SQUARE SHOPPING C DREYER STREET, CLAREMONT",021 6741044,WESTERN CAPE,-33.923788,18.423424,town,Western Cape Pharmacy Network List,2024-07-15,4,verified,true
6073840,Koeberg Pharmacy,CAPE TOWN,CAPE TOWN,"216 VOORTREKKER ROAD, MAITLAND",021 5116131,WESTERN CAPE,-33.924753,18.422882,town,Western Cape Pharmacy Network List,2024-07-15,4,verified,true
6073883,Warrens Pharmacy,CAPE TOWN,CAPE TOWN,"71 MAIN ROAD, FISH HOEK",021 7821101,WESTERN CAPE,-33.9248,18.424929,town,Western Cape Pharmacy Network List,2024-07-15,4,verified,true
6074758,B M C Pharmacy,CAPE TOWN,CAPE TOWN,"BELHAR MEDICAL CENTRE, 70 BELHAR DRIVE, BELHAR EXT 20",021 9528672,WESTERN CAPE,-33.927859,18.426129,town,Western Cape Pharmacy Network List,2024-07-15,4,verified,true
6074936,H Brand T/A Strand Pharmacy,CAPE TOWN,CAPE TOWN,"90 BEACH ROAD, STRAND",021 8543603,WESTERN CAPE,-33.926565,18.426529,town,Western Cape Pharmacy Network List,2024-07-15,4,verified,true
6002692,Rustenburg Pharmacy,CAPE TOWN,CAPE TOWN,"SHOP 9 RONDEBOSCH SHOPPING, CENTRE 51-81 MAIN ROAD, RONDEBOSCH",021 6863997,WESTERN CAPE,-33.927506,18.426553,town,Western Cape Pharmacy Network List,2024-07-15,4,verified,true
6002978,Springbok Pharmacy,CAPE TOWN,CAPE TOWN,"468 IMAM HARON ROAD, LANSDOWNE",021 6961532,WESTERN CAPE,-33.927129,18.423071,town,Western Cape Pharmacy Network List,2024-07-15,4,verified,true
6003060,Sunset Pharmacy,CAPE TOWN,CAPE TOWN,"SEA POINT MEDICAL CENTRE, 11 KLOOF ROAD, SEA POINT",021 4343333,WESTERN CAPE,-33.925129,18.424718,town,Western Cape Pharmacy Network List,2024-07-15,4,verified,true
6003176,Tothills Pharmacy,CAPE TOWN,CAPE TOWN,"BOLAND BANK BUILDING, 18 LOWER BURG STREET, CAPE TOWN",021 4212421,WESTERN CAPE,-33.925741,18.425612,town,Western Cape Pharmacy Network List,2024-07-15,4,verified,true
6029647,Reo Family Pharmacy,CAPE TOWN,CAPE TOWN,"CNR HALT ROAD & EPPING AVENUE, ELSIES RIVER",021 9322955,WESTERN CAPE,-33.924188,18.426765,town,Western Cape Pharmacy Network List,2024-07-15,4,verified,true
6029965,Chemkay Pharmacy,CAPE TOWN,CAPE TOWN,"GARDENS CENTRE, MILL STREET",021 4654945,WESTERN CAPE,-33.927718,18.421659,town,Western Cape Pharmacy Network List,2024-07-15,4,verified,true
6031439,Blooms Chemist,CAPE TOWN,CAPE TOWN,"3 PALMHOF CENTRE, 113 KLOOF STREET, GARDENS",021 4231754,WESTERN CAPE,-33.922494,18.421824,town,Western Cape Pharmacy Network List,2024-07-15,4,verified,true
6032257,Grassy Park Pharmacy,CAPE TOWN,CAPE TOWN,"71 VICTORIA ROAD, GRASSY PARK",021 2068805,WESTERN CAPE,-33.922376,18.425,town,Western Cape Pharmacy Network List,2024-07-15,4,verified,true
6033202,Adelphi Pharmacy,CAPE TOWN,CAPE TOWN,"SHOP 8 ARTEM CENTRE, 277 MAIN ROAD, SEA POINT",021 4345888,WESTERN CAPE,-33.922,18.425329,town,Western Cape Pharmacy Network List,2024-07-15,4,verified,true
6033768,Craven Park Pharmacy,CAPE TOWN,CAPE TOWN,"SHOP 4 C T C BUILDING, 206 CONNAUGHT ROAD, CRAVENBY",021 5650445,WESTERN CAPE,-33.924329,18.424953,town,Western Cape Pharmacy Network List,2024-07-15,4,verified,true
6034101,Kassbell Pharmacy,CAPE TOWN,CAPE TOWN,"1A KASSELSVLEI ROAD, BELLVILLE SOUTH",021 9517690,WESTERN CAPE,-33.924024,18.425941,town,Western Cape Pharmacy Network List,2024-07-15,4,verified,true
6041752,Netcare Christiaan Barnard Memor,CAPE TOWN,CAPE TOWN,"CITY PARK MEDICAL CENTRE, 181 LONGMARKET STREET",021 4410114,WESTERN CAPE,-33.924706,18.426765,town,Western Cape Pharmacy Network List,2024-07-15,4,verified,true
825328,Dis-Chem Foreshore Pharmacy,CAPE TOWN,CAPE TOWN,"SHOP 3 HELIX BUILDING, 12 RUA VASCO DA GAMA PLAIN, CAPE TOWN",021 5410581,WESTERN CAPE,-33.925671,18.424671,town,Western Cape Pharmacy Network List,2024-07-15,4,verified,true
1049100,Clicks Pharmacy Morena Mall,CAPE TOWN,CAPE TOWN,PO BOX 5142,021 4601911,WESTERN CAPE,-33.925318,18.423871,town,Western Cape Pharmacy Network List,2024-07-15,4,verified,true
751529,Clicks Pharmacy - Picbel,CAPE TOWN,CAPE TOWN,"LOWER GROUND FLOOR PICBEL, PARKADE 58 STRAND STREET, CAPE TOWN",021 4180567,WESTERN CAPE,-33.9268,18.422224,town,Western Cape Pharmacy Network List,2024-07-15,4,verified,true
437298,Clicks Pharmacy - Adderley Stree,CAPE TOWN,CAPE TOWN,"COLOSSEUM BUILDING, ADDERLEY STREET, CAPE TOWN",021 4185039,WESTERN CAPE,-33.923059,18.425588,town,Western Cape Pharmacy Network List,2024-07-15,5,verified,true
638625,Clicks Pharmacy - 2 Long Street,CAPE TOWN,CAPE TOWN,"SHOP 15, 2 LONG STREET, CAPE TOWN",021 4181003,WESTERN CAPE,-33.922588,18.423165,town,Western Cape Pharmacy Network List,2024-07-15,5,verified,true
319066,Clicks Pharmacy - Zevenwacht,CAPE TOWN,CAPE TOWN,"SHOP 98 ZEVENWACHT MALL CNR, POLKADRAAI & VAN RIEBEECK ROAD, KUILS RIVER",021 9060836,WESTERN CAPE,-33.925694,18.421824,town,Western Cape Pharmacy Network List,2024-07-15,5,verified,true
319104,Clicks Pharmacy - Burg Street,CAPE TOWN,CAPE TOWN,"CNR BURG & CHURCH STREET, CAPE TOWN",021 4249210,WESTERN CAPE,-33.926659,18.421094,town,Western Cape Pharmacy Network List,2024-07-15,5,verified,true
319961,Medirite Pharmacy - Bothasig,CAPE TOWN,CAPE TOWN,"SHOPRITE CENTRE CNR VRYBURGER, AVENUE & TAFELBERG STREET, BOTHASIG",021 5580786,WESTERN CAPE,-33.922071,18.421376,town,Western Cape Pharmacy Network List,2024-07-15,5,verified,true
320617,Akmed Pharmacy,CAPE TOWN,CAPE TOWN,"SHOP 2 AASHI QUALLY CENTRE, CNR 4TH AVENUE & LAKE ROAD, GRASSY PARK",021 7050927,WESTERN CAPE,-33.928,18.422176,town,Western Cape Pharmacy Network List,2024-07-15,5,verified,true
325880,Clicks Pharmacy - Maynard Mall,CAPE TOWN,CAPE TOWN,"SHOP 22 MAYNARD MALL, CNR MAIN & WETTON ROAD, WYNBERG",021 7977127,WESTERN CAPE,-33.924729,18.4258,town,Western Cape Pharmacy Network List,2024-07-15,5,verified,true
336351,Clicks Pharmacy - Somerset West,CAPE TOWN,CAPE TOWN,"SHOP 20 CIRCLE SHOPPING CENTRE, 7 BELVEDERE STREET, SOMERSET WEST",021 8512513,WESTERN CAPE,-33.922918,18.422741,town,Western Cape Pharmacy Network List,2024-07-15,5,verified,true
336831,Medirite Pharmacy Blue Downs,CAPE TOWN,CAPE TOWN,"ERF 20395 CAVALIER RETAIL, CENTRE CNR HINDLE ROAD & EERSRIV, EERSTE RIVER",021 9090054,WESTERN CAPE,-33.927976,18.421847,town,Western Cape Pharmacy Network List,2024-07-15,5,verified,true
348961,Clicks Pharmacy - Adelphi,CAPE TOWN,CAPE TOWN,"SHOPS 19 & 20 ARTEM SHOPPING, CENTRE MAIN ROAD, SEA POINT",021 4343871,WESTERN CAPE,-33.927553,18.421635,town,Western Cape Pharmacy Network List,2024-07-15,5,verified,true
352071,Medirite Pharmacy - Middestad,CAPE TOWN,CAPE TOWN,"SHOPRITE MIDDESTAD MALL 30 CNR, CHARL MALAN & CHURCH STREET, BELLVILLE",021 9486526,WESTERN CAPE,-33.922235,18.424341,town,Western Cape Pharmacy Network List,2024-07-15,5,verified,true
353078,Pinelands Pharmacy,CAPE TOWN,CAPE TOWN,"SHOP 24B HOWARD CENTRE, CNR FOREST & HOWARD DRIVE, PINELANDS",021 5319206,WESTERN CAPE,-33.927647,18.424553,town,Western Cape Pharmacy Network List,2024-07-15,5,verified,true
353086,Clicks Pharmacy Pinelands,CAPE TOWN,CAPE TOWN,"SHOP 6 CENTRAL BUILDING, FOREST DRIVE SERVICE ROAD, PINELANDS",021 5313819,WESTERN CAPE,-33.925294,18.426694,town,Western Cape Pharmacy Network List,2024-07-15,5,verified,true
383120,Golden Acre Pharmacy,CAPE TOWN,CAPE TOWN,"SHOP 75 GOLDEN ACRE, 9 ADDERLEY STREET, CAPE TOWN",021 4258786,WESTERN CAPE,-33.923906,18.4246,town,Western Cape Pharmacy Network List,2024-07-15,5,verified,true
387045,Clicks Pharmacy - Bellville,CAPE TOWN,CAPE TOWN,"130 TEDDINGTON ROAD, BELLVILLE",021 9485717,WESTERN CAPE,-33.924612,18.426176,town,Western Cape Pharmacy Network List,2024-07-15,5,verified,true
388580,Cape Quarter Pharmacy,CAPE TOWN,CAPE TOWN,"SHOP D01 CAPE QUARTER LIFESTYLE, VILLAGE 27 SOMERSET ROAD, GREEN POINT",021 4180360,WESTERN CAPE,-33.927153,18.423706,town,Western Cape Pharmacy Network List,2024-07-15,5,verified,true
391549,Cavendish Square Clicks Pharmacy,CAPE TOWN,CAPE TOWN,"SECTION A SHOP F8 CAVENDISH, CONNECT MAIN ROAD, CLAREMONT",021 6743115,WESTERN CAPE,-33.922071,18.422271,town,Western Cape Pharmacy Network List,2024-07-15,5,verified,true
393460,Clicks Pharmacy - Gugulethu,CAPE TOWN,CAPE TOWN,"SHOP 61 GUGULETHU SQUARE, CNR NY 1 & NY 6, GUGULETU",021 6384087,WESTERN CAPE,-33.925882,18.421235,town,Western Cape Pharmacy Network List,2024-07-15,5,verified,true
396524,Maitland Family Pharmacy,CAPE TOWN,CAPE TOWN,"SHOP 14 MAITLAND SQUARE, 278 VOOTREKKER ROAD, MAITLAND",064 9096359,WESTERN CAPE,-33.922141,18.422294,town,Western Cape Pharmacy Network List,2024-07-15,5,verified,true
398802,Pick 'N Pay Pharmacy,CAPE TOWN,CAPE TOWN,"SOMERSET MALL, CNR N2 & R44, SOMERSET WEST",021 8518256,WESTERN CAPE,-33.924188,18.424459,town,Western Cape Pharmacy Network List,2024-07-15,5,verified,true
399523,Westerford Kwikspar Pharmacy,CAPE TOWN,CAPE TOWN,"1 SILWOOD CENTRE, CAMPGROUND ROAD, RONDEBOSCH",021 6853022,WESTERN CAPE,-33.927247,18.426176,town,Western Cape Pharmacy Network List,2024-07-15,5,verified,true
414808,Clicks Pharmacy - Regent Road,CAPE TOWN,CAPE TOWN,"SHOP 14 -16 THE POINT MALL, REGENT ROAD, SEA POINT",021 4340594,WESTERN CAPE,-33.927271,18.421518,town,Western Cape Pharmacy Network List,2024-07-15,5,verified,true
187801,Clicks Pharmacy - Tygervalley,CAPE TOWN,CAPE TOWN,"SHOP 533 TYGER VALLEY SHOPPING, CENTRE BILL BEZUIDENHOUT AVENUE, TYGER VALLEY",021 9141677,WESTERN CAPE,-33.924541,18.426859,town,Western Cape Pharmacy Network List,2024-07-15,5,verified,true
187887,Clicks Pharmacy - Somerset Mall,CAPE TOWN,CAPE TOWN,"SHOP 2 SOMERSET MALL SHOPPING, CENTRE CNR N2 & R44, SOMERSET WEST",021 8527330,WESTERN CAPE,-33.925882,18.423918,town,Western Cape Pharmacy Network List,2024-07-15,5,verified,true
188808,Clicks Pharmacy - Kenilworth,CAPE TOWN,CAPE TOWN,"SHOP 58 KENILWORTH CENTRE, DONCASTER ROAD, KENILWORTH",021 6832942,WESTERN CAPE,-33.926282,18.423965,town,Western Cape Pharmacy Network List,2024-07-15,5,verified,true
188832,Medirite Pharmacy - Tokai,CAPE TOWN,CAPE TOWN,"SHOP 98 CHECKERS HYPER BLUE, ROUTE MALL CNR VANS & TOKAI ROAD, TOKAI",021 7130547,WESTERN CAPE,-33.923082,18.424906,town,Western Cape Pharmacy Network List,2024-07-15,5,verified,true
236985,Clicks Pharmacy - Rondebosch,CAPE TOWN,CAPE TOWN,"SHOP 23 RONDEBOSCH MALL, 23 MAIN ROAD, RONDEBOSCH",021 6898973,WESTERN CAPE,-33.924165,18.423141,town,Western Cape Pharmacy Network List,2024-07-15,5,verified,true
241210,Reddam Pharmacy,CAPE TOWN,CAPE TOWN,"SHOP G5 STEENBERG VILLAGE, SHOPPING CENTRE REDDAM AVENUE, TOKAI",021 7014001,WESTERN CAPE,-33.924776,18.425659,town,Western Cape Pharmacy Network List,2024-07-15,5,verified,true
261580,Jafmed Pharmacy,CAPE TOWN,CAPE TOWN,"328 OTTERY ROAD, OTTERY",021 7039791,WESTERN CAPE,-33.922871,18.424529,town,Western Cape Pharmacy Network List,2024-07-15,5,verified,true
268011,Wellness Warehouse,CAPE TOWN,CAPE TOWN,"SHOP 3 1ST FLOOR LIFESTYLE ON, KLOOF 50 KLOOF STREET, GARDENS",021 2762310,WESTERN CAPE,-33.926776,18.421941,town,Western Cape Pharmacy Network List,2024-07-15,6,verified,true
275638,H Brand 5 Cc T/A Essential Healt,CAPE TOWN,CAPE TOWN,"SHOP 10 - 11 BOULEVARD SQUARE, BRACKENFELL BOULEVARD, PROTEA HEIGHTS",021 9816631,WESTERN CAPE,-33.922071,18.426576,town,Western Cape Pharmacy Network List,2024-07-15,6,verified,true
282189,Medirite Pharmacy - Willow Villa,CAPE TOWN,CAPE TOWN,"CHECKERS LIFESTYLE CENTRE CNR, OLD OAK ROAD & CARL CRONJE DRIVE, BELLVILLE",021 9147049,WESTERN CAPE,-33.925082,18.421353,town,Western Cape Pharmacy Network List,2024-07-15,6,verified,true
291633,Medirite Pharmacy - Khayelitsha,CAPE TOWN,CAPE TOWN,"CNR WALTER SISULU ROAD & NOMANZO, MONGE STREET, KHAYELITSHA",021 3640642,WESTERN CAPE,-33.923271,18.426671,town,Western Cape Pharmacy Network List,2024-07-15,6,verified,true
292419,Waterstone Village Clicks Pharma,CAPE TOWN,CAPE TOWN,"SHOP 12 GROUND FLOOR WATERSTONE, VILLAGE CNR R44 & MAIN ROAD, SOMERSET WEST",021 8528706,WESTERN CAPE,-33.927459,18.426671,town,Western Cape Pharmacy Network List,2024-07-15,6,verified,true
298654,Medirite Pharmacy - Weltevreden,CAPE TOWN,CAPE TOWN,"WESTGATE MALL CNR MORGENSTER, ROAD & JAKES GERWEL DRIVE, MITCHELLS PLAIN",021 3747738,WESTERN CAPE,-33.926847,18.424529,town,Western Cape Pharmacy Network List,2024-07-15,6,verified,true
305677,De Grendel Pharmacy,CAPE TOWN,CAPE TOWN,"SHOP 4 CENTURION CENTRE, DE GRENDEL AVENUE, BOTHASIG",021 5584420,WESTERN CAPE,-33.924824,18.425165,town,Western Cape Pharmacy Network List,2024-07-15,6,verified,true
312193,Pick 'N Pay Pharmacy - Claremont,CAPE TOWN,CAPE TOWN,"MONT CLARE PLACE, CNR MAIN & CAMPGROUND ROAD, CLAREMONT",021 6745867,WESTERN CAPE,-33.925482,18.424341,town,Western Cape Pharmacy Network List,2024-07-15,6,verified,true
313866,Medirite Pharmacy - Eerste Rivie,CAPE TOWN,CAPE TOWN,"SHOPRITE GRAND CENTRAL SHOPPING, CENTRE CNR MAIN & PLEIN STREET, EERSTE RIVER",021 9045710,WESTERN CAPE,-33.9244,18.421353,town,Western Cape Pharmacy Network List,2024-07-15,6,verified,true
3387,Medirite Pharmacy - Somerset Wes,CAPE TOWN,CAPE TOWN,"SHOP 3 SOMERSET SQAURE, CNR MAIN & GORDON ROAD, SOMERSET WEST",021 8529300,WESTERN CAPE,-33.924376,18.425588,town,Western Cape Pharmacy Network List,2024-07-15,6,verified,true
3743,Symphony Pharmacy,CAPE TOWN,CAPE TOWN,"SHOP B3 SHOPRITE CENTRE, CNR SYMPHONY WALK & ALLEGRO LANE, MITCHELLS PLAIN",021 3923938,WESTERN CAPE,-33.923271,18.422765,town,Western Cape Pharmacy Network List,2024-07-15,6,verified,true
4871,Glengariff Pharmacy,CAPE TOWN,CAPE TOWN,"2 MAIN ROAD, SEA POINT",021 4343133,WESTERN CAPE,-33.927835,18.425494,town,Western Cape Pharmacy Network List,2024-07-15,6,verified,true
5517,Lifestyle Pharmacy,CAPE TOWN,CAPE TOWN,"SHOP 17 ST PETERS SQUARE, MAIN ROAD, OBSERVATORY",021 4481037,WESTERN CAPE,-33.926118,18.423824,town,Western Cape Pharmacy Network List,2024-07-15,6,verified,true
27731,Sunningdale Pharmacy,CAPE TOWN,CAPE TOWN,"SHOP 14 PARKLANDS CENTRE, LINK ROAD, PARKLANDS",021 5568151,WESTERN CAPE,-33.927882,18.426318,town,Western Cape Pharmacy Network List,2024-07-15,6,verified,true
50326,Bantry Bay Pharmacy,CAPE TOWN,CAPE TOWN,"29 VICTORIA ROAD, BANTRY BAY",021 4392290,WESTERN CAPE,-33.9252,18.421424,town,Western Cape Pharmacy Network List,2024-07-15,6,verified,true
58823,Silverglades Pharmacy,CAPE TOWN,CAPE TOWN,"SHOP 11-12 VALLYLAND SHOPPING, CENTRE RECREATION ROAD, FISH HOEK",021 7821113,WESTERN CAPE,-33.926965,18.421918,town,Western Cape Pharmacy Network List,2024-07-15,6,verified,true
61603,Baykem Pharmacy,CAPE TOWN,CAPE TOWN,"SHOP 24 VILLAGE WALK, 58 LANCASTER ROAD, GORDON'S BAY",021 8561388,WESTERN CAPE,-33.924824,18.423941,town,Western Cape Pharmacy Network List,2024-07-15,6,verified,true
152595,Esack'S Pharmacy,CAPE TOWN,CAPE TOWN,"SHOP 6B TOWN CENTRE, SURRAN ROAD, HANOVER PARK",021 6918117,WESTERN CAPE,-33.923106,18.425682,town,Western Cape Pharmacy Network List,2024-07-15,6,verified,true
156671,Dis-Chem Century City Pharmacy,CAPE TOWN,CAPE TOWN,"SHOP 41 GROUND FLOOR CANAL WALK, CENTURY BOULEVARD, CENTURY CITY",021 5520161,WESTERN CAPE,-33.925412,18.421235,town,Western Cape Pharmacy Network List,2024-07-15,6,verified,true
161101,Dis-Chem Somermall Pharmacy,CAPE TOWN,CAPE TOWN,"SHOP 310 SOMERSET MALL, CNR N2 & R44, SOMERSET WEST",021 8505941,WESTERN CAPE,-33.924635,18.424247,town,Western Cape Pharmacy Network List,2024-07-15,6,verified,true
161756,Nu-Crane Pharmacy Mitchell'S Pla,CAPE TOWN,CAPE TOWN,"PROMENADE MEDICAL CENTRE CNR A Z, BERMAN DRIVE & MORGENSTER ROAD, LENTEGEUR",021 3766104,WESTERN CAPE,-33.924471,18.423259,town,Western Cape Pharmacy Network List,2024-07-15,6,verified,true
679631,Clicks Pharmacy Irene Mall,CENTURION,CENTURION,"SHOP 102,104 & 106, IRENE VILLAGE MALL, C/O NELLMAPIUS & PIERRE VAN RYNE",086 0254257,WESTERN CAPE,,,unknown,Western Cape Pharmacy Network List,2024-07-15,6,needs_location_review,true
686336,Clicks Pharmacy Saxby,CENTURION,CENTURION,1053 FREDERICK STREET,086 0254257,WESTERN CAPE,,,unknown,Western Cape Pharmacy Network List,2024-07-15,6,needs_location_review,true
763659,Clicks Pharmacy - Marylone,CENTURION,CENTURION,"SHOP 27 BLU VALLEY CENTRE, BOTHRILL",086 0254257,WESTERN CAPE,,,unknown,Western Cape Pharmacy Network List,2024-07-15,6,needs_location_review,true
884901,Clicks Pharmacy The Colosseum,CENTURY CITY,CENTURY CITY,"SHOP G17 & 18 THE COLOSSEUM CNR, CENTURY WAY & CENTURY BOULEVARD, CENTURY CITY",021 5552111,WESTERN CAPE,,,unknown,Western Cape Pharmacy Network List,2024-07-15,6,needs_location_review,true
601276,Dis-Chem Central Park Pharmacy,CENTURY CITY,CENTURY CITY,"INTERCARE DAY HOSPITAL CENTURY, CITY CNR CENTURY WAY & PARK LANE, CENTURY CITY",021 0032947,WESTERN CAPE,,,unknown,Western Cape Pharmacy Network List,2024-07-15,6,needs_location_review,true
348872,Clicks Pharmacy Sable Square,CENTURY CITY,CENTURY CITY,"SHOP J11A & J12 SABLE SQUARE, CNR BOSMANSDAM & RATANGA ROAD, CENTURY CITY",021 5527234,WESTERN CAPE,,,unknown,Western Cape Pharmacy Network List,2024-07-15,6,needs_location_review,true
238872,Medirite Pharmacy - Century City,CENTURY CITY,CENTURY CITY,"SHOP 11 CHECKERS CENTURY CITY, SABLE ROAD",021 5520052,WESTERN CAPE,,,unknown,Western Cape Pharmacy Network List,2024-07-15,6,needs_location_review,true
177687,Clicks Pharmacy - Canal Walk,CENTURY CITY,CENTURY CITY,"SHOP 103 LOWER LEVEL CANAL WALK, SHOPPING CENTRE CENTURY CITY, DRIVE",021 5551740,WESTERN CAPE,,,unknown,Western Cape Pharmacy Network List,2024-07-15,6,needs_location_review,true
6003508,Pharmacy Ceres,CERES,CERES,"104 VOORTREKKER STREET, CERES",023 3122440,WESTERN CAPE,-33.365847,19.312788,town,Western Cape Pharmacy Network List,2024-07-15,7,verified,true
757098,Pharmacy At Spar Ceres,CERES,CERES,"SHOP 6 CERES SQUARE, CNR OWEN & VOORTREKKER STREET, CERES",022 4260002,WESTERN CAPE,-33.368506,19.307965,town,Western Cape Pharmacy Network List,2024-07-15,7,verified,true
279102,Clicks Pharmacy - Ceres,CERES,CERES,"SHOP 3 PICK N PAY CENTRE, VOORTREKKER STREET, CERES",023 3162192,WESTERN CAPE,-33.365753,19.309447,town,Western Cape Pharmacy Network List,2024-07-15,7,verified,true
784141,Clicks Pharmacy Charlesville,CHARLESVILLE,CHARLESVILLE,"SHOP 3, CHARLESVILLE CENTRE, VALHALLA DRIVE",,WESTERN CAPE,,,unknown,Western Cape Pharmacy Network List,2024-07-15,7,needs_location_review,true
395587,Citrusdal Apteek,CITRUSDAL,CITRUSDAL,"63 CNR VOORTREKKER & MULLER, STREET, CITRUSDAL",022 9212159,WESTERN CAPE,,,unknown,Western Cape Pharmacy Network List,2024-07-15,7,needs_location_review,true
6034926,Sederkem Pharmacy,CLANWILLIAM,CLANWILLIAM,"2 AUGSBURG ROAD, CLANWILLIAM",027 4821226,WESTERN CAPE,-32.1816,18.894294,town,Western Cape Pharmacy Network List,2024-07-15,7,verified,true
738603,Clicks Pharmacy Clanwilliam,CLANWILLIAM,CLANWILLIAM,"SHOP 20 CEDAR MILL MALL CNR DE, VILLIERS STREET & OU KAAPSE ROAD, CLANWILLIAM",027 4821067,WESTERN CAPE,-32.179765,18.893,town,Western Cape Pharmacy Network List,2024-07-15,7,verified,true
193623,Dis-Chem Claremont Pharmacy,CLAREMONT,CLAREMONT,"SHOP G1 STANDARD BANK GALLERIA, 178-182 MAIN ROAD, CLAREMONT",021 6731480,WESTERN CAPE,-33.982482,18.462941,town,Western Cape Pharmacy Network List,2024-07-15,7,verified,true
561282,Essential Health Pharmacy - Clar,CLAREMONT,CLAREMONT,"LIFE CLAREMONT HOSPITAL, BUILDING 245 MAIN ROAD",021 9826010,WESTERN CAPE,-33.984882,18.463106,town,Western Cape Pharmacy Network List,2024-07-15,7,verified,true
924989,Clicks Pharmacy Mall of Tembisa,CLAYVILLE,CLAYVILLE,"SHOP LG25, MALL OF TEMBISA, CORNER OF ANGOLA AND OLIFANTSFON",021 4601555,WESTERN CAPE,,,unknown,Western Cape Pharmacy Network List,2024-07-15,7,needs_location_review,true
891290,Clicks Pharmacy Constantia Empor,CONSTANTIA,CONSTANTIA,"SHOP 12 & 13 CONSTANTIA, EMPORIUM LADIES MILE ROAD, CONSTANTIA",021 7997190,WESTERN CAPE,-34.033553,18.423259,town,Western Cape Pharmacy Network List,2024-07-15,7,verified,true
6000975,Constantia Pharmacy,CONSTANTIA,CONSTANTIA,"SHOP 25 CONSTANTIA VILLAGE, SHOPPING MALL SPAANSCHEMAT RIVER, ROAD",021 7943713,WESTERN CAPE,-34.033129,18.426271,town,Western Cape Pharmacy Network List,2024-07-15,7,verified,true
336289,Clicks Pharmacy - Constantia,CONSTANTIA,CONSTANTIA,"SHOP 12 & 13 CONSTANTIA, COURTYARD SHOPPING CENTRE MAIN, ROAD",021 7945086,WESTERN CAPE,-34.031482,18.425071,town,Western Cape Pharmacy Network List,2024-07-15,7,verified,true
6073468,Netcare Constantia Pharmacy,CONSTANTIA PARK,CONSTANTIA PARK,CNR. DUVERNOY STREET & CHOPIN ST,086 0254257,WESTERN CAPE,,,unknown,Western Cape Pharmacy Network List,2024-07-15,7,needs_location_review,true
607967,Danabay Medicine Depot,DANABAY,DANABAY,13 MALVA ROAD,044 6981093,WESTERN CAPE,,,unknown,Western Cape Pharmacy Network List,2024-07-15,7,needs_location_review,true
6003605,De Aar Apteek,DE AAR,DE AAR,"17 MAIN STREET, DE AAR",053 6312402,WESTERN CAPE,,,unknown,Western Cape Pharmacy Network List,2024-07-15,7,needs_location_review,true
6078028,Hex-Kem Pharmacy,DE DOORNS,DE DOORNS,"41 VOORTREKKER STREET, DE DOORNS",023 3562348,WESTERN CAPE,,,unknown,Western Cape Pharmacy Network List,2024-07-15,7,needs_location_review,true
714658,Clicks Pharmacy-Delft Mall,DELFT,DELFT,"SHOP 7 DELFT MALL, HINDLE ROAD, DELFT",021 9550096,WESTERN CAPE,,,unknown,Western Cape Pharmacy Network List,2024-07-15,7,needs_location_review,true
6064825,Stellenbosch Apteek,DIE BOORD,DIE BOORD,CNR ROKEWOOD SAFFNAAM AVENUE,021 8838571,WESTERN CAPE,,,unknown,Western Cape Pharmacy Network List,2024-07-15,7,needs_location_review,true
6083005,Steps To Health Pharmaceuticals,DIEP RIVER,DIEP RIVER,85 CNR KENDAL & BOUNDARY ROADS,021 7125050,WESTERN CAPE,,,unknown,Western Cape Pharmacy Network List,2024-07-15,7,needs_location_review,true
6077730,Medicare Village Square,DURBANVILLE,DURBANVILLE,"SHOP 11 PALM GROVE CENTRE, CNR KERK STRAAT & DURBAN ROAD, DURBANVILLE",021 9756570,WESTERN CAPE,-33.8312,18.649247,town,Western Cape Pharmacy Network List,2024-07-15,7,verified,true
6068170,Mediplein Pharmacy,DURBANVILLE,DURBANVILLE,"8A PLEIN STREET, DURBANVILLE",021 9761106,WESTERN CAPE,-33.829694,18.644071,town,Western Cape Pharmacy Network List,2024-07-15,7,verified,true
1108417,Essential Health Pharmacy - Clar,DURBANVILLE,DURBANVILLE,"SHOP 10 CLARA ANNA FONTEIN, 1 SHAMWARI CLOSE, DURBANVILLE",021 9826010,WESTERN CAPE,-33.830918,18.645106,town,Western Cape Pharmacy Network List,2024-07-15,7,verified,true
795089,Dis-Chem Durbanville Pharmacy,DURBANVILLE,DURBANVILLE,"SHOP 9A DURBANVILLE TOWN CENTRE, 33 WELLINGTON ROAD, DURBANVILLE",021 5410038,WESTERN CAPE,-33.829741,18.649459,town,Western Cape Pharmacy Network List,2024-07-15,7,verified,true
423009,Medirite Pharmacy - Durbanville,DURBANVILLE,DURBANVILLE,"CHECKERS MIDWELL CENTRE, WELLINGTON ROAD, DURBANVILLE",021 9762818,WESTERN CAPE,-33.832329,18.647506,town,Western Cape Pharmacy Network List,2024-07-15,7,verified,true
544906,Clicks Pharmacy Pinehurst,DURBANVILLE,DURBANVILLE,"SHOP 9 &10 PINEHURST CENTRE, PINEHURST DRIVE, DURBANVILLE",021 9792763,WESTERN CAPE,-33.830729,18.644941,town,Western Cape Pharmacy Network List,2024-07-15,7,verified,true
548073,Pharmacy At Spar Sonstraal,DURBANVILLE,DURBANVILLE,"SHOP 1 CNR LANGEBERG ROAD &, VERDI BOULEVARD, DURBANVILLE",021 9751896,WESTERN CAPE,-33.831412,18.646282,town,Western Cape Pharmacy Network List,2024-07-15,7,verified,true
6077781,Disa-Med Pharmacy Durbanville,DURBANVILLE,DURBANVILLE,45 WELLINGTON ROAD,021 9802100,WESTERN CAPE,-33.830659,18.645529,town,Western Cape Pharmacy Network List,2024-07-15,7,verified,true
6003664,Durbanville Pharmacy,DURBANVILLE,DURBANVILLE,"3 MIDVILLE CENTRE, WELLINGTON ROAD",021 9761206,WESTERN CAPE,-33.829882,18.646212,town,Western Cape Pharmacy Network List,2024-07-15,7,verified,true
334065,Clicks Pharmacy Graanendal,DURBANVILLE,DURBANVILLE,"SHOP 4 GRAANENDAL SHOPPING, CENTRE CNR BRACKENFELL BOULEVARD, & BERGRIVER ROAD",021 9792130,WESTERN CAPE,-33.831671,18.645294,town,Western Cape Pharmacy Network List,2024-07-15,8,verified,true
383813,Clicks Pharmacy - Durbanville,DURBANVILLE,DURBANVILLE,"SHOP 1 D'VILLE SHOPPING CENTRE, CNR MAIN & WELLINGTON ROAD",021 9765617,WESTERN CAPE,-33.828612,18.644706,town,Western Cape Pharmacy Network List,2024-07-15,8,verified,true
142875,Sonate Pharmacy,DURBANVILLE,DURBANVILLE,"CNR LANGEBERG ROAD, AND VERDI BOULEVARD",021 9750438,WESTERN CAPE,-33.831435,18.646329,town,Western Cape Pharmacy Network List,2024-07-15,8,verified,true
1136186,Dis-Chem Village Square Pharmacy,DURBANVILLE,DURBANVILLE,"SHOP 22 VILLAGE SQUARE MALL, CNR OXFORD AND QUEEN STREET, DURBANVILLE",010 5892200,WESTERN CAPE,-33.830118,18.648659,town,Western Cape Pharmacy Network List,2024-07-15,8,verified,true
6072593,Netcare Edenvale Pharmacy,EDENVALE,EDENVALE,CNR ANDRIES PRETORIUS STREET & 1,021 4601089,WESTERN CAPE,,,unknown,Western Cape Pharmacy Network List,2024-07-15,8,needs_location_review,true
82082,Edgemead Pharmacy,EDGEMEAD,EDGEMEAD,"SHOP 14 EDGEMEAD SHOPPING, CENTRE CNR LOUIS THIBAULT &, LETCHWORTH DRIVE",021 5581047,WESTERN CAPE,,,unknown,Western Cape Pharmacy Network List,2024-07-15,8,needs_location_review,true
1015079,Clicks Pharmacy Faerie Glen Hype,FAERIE GLEN,FAERIE GLEN,"PICK N PAY HYPERMARKET, CNR ATTERBURY ROAD & SELIKATS CA",021 4601911,WESTERN CAPE,,,unknown,Western Cape Pharmacy Network List,2024-07-15,8,needs_location_review,true
642517,Clicks Direct Medicines,FLORIDA,FLORIDA,"BUILDING 2, 14 TAMAR AVENUE",086 1444405,WESTERN CAPE,,,unknown,Western Cape Pharmacy Network List,2024-07-15,8,needs_location_review,true
177695,Clicks Pharmacy - Golden Acre,FORESHORE,FORESHORE,"SHOP 66 GOLDEN ACRE, CASTLE STREET, FORESHORE",021 4181901,WESTERN CAPE,,,unknown,Western Cape Pharmacy Network List,2024-07-15,8,needs_location_review,true
6001068,Culemborg Pharmacy,FORESHORE,FORESHORE,"GROUND FLOOR ZEELAND HOUSE, 7 HEERENGRACHT STREET, FORESHORE",021 4253925,WESTERN CAPE,,,unknown,Western Cape Pharmacy Network List,2024-07-15,8,needs_location_review,true
812226,Dis-Chem Culemborg Pharmacy,FORESHORE,FORESHORE,"GROUND FLOOR ZEELAND HOUSE, HEERENGRAGHT STREET",011 5892200,WESTERN CAPE,,,unknown,Western Cape Pharmacy Network List,2024-07-15,8,needs_location_review,true
61999,Vitacare Pharmacy - V & A Waterf,FORESHORE,FORESHORE,"ICON BUILDING CNR LOWER LONG &, HANS STRYDOM AVENUE",021 4252426,WESTERN CAPE,,,unknown,Western Cape Pharmacy Network List,2024-07-15,8,needs_location_review,true
770809,Clicks Pharmacy - Fort Beaufort,FORT BEAUFORT,FORT BEAUFORT,"SHOP 13, GROVE PLAZA SHOPPING CENTRE, CAMPBELL STREET",021 4601555,WESTERN CAPE,,,unknown,Western Cape Pharmacy Network List,2024-07-15,8,needs_location_review,true
461601,Clicks Pharmacy Franschoek,FRANSCHHOEK,FRANSCHHOEK,"SHOP 12 PICK N PAY BUILDING, 25 MAIN ROAD, FRANSCHHOEK",021 8764372,WESTERN CAPE,,,unknown,Western Cape Pharmacy Network List,2024-07-15,8,needs_location_review,true
333689,Franschhoek Pharmacy,FRANSCHHOEK,FRANSCHHOEK,"62A HUGUENOT STREET, FRANSCHHOEK",021 8762261,WESTERN CAPE,,,unknown,Western Cape Pharmacy Network List,2024-07-15,8,needs_location_review,true
718955,Clicks Pharmacy-Gansbaai,GANS BAY,GANS BAY,"SHOP 24 GREAT WHITE JUNCTION, SHOPPING CENTRE MAIN ROAD, GANSBAAI",028 3840402,WESTERN CAPE,,,unknown,Western Cape Pharmacy Network List,2024-07-15,8,needs_location_review,true
333700,Main Road Centurion 30131 Cc T/A,GANS BAY,GANS BAY,"29 MAIN ROAD, GANSBAAI",028 3840637,WESTERN CAPE,,,unknown,Western Cape Pharmacy Network List,2024-07-15,8,needs_location_review,true
373486,Clicks Pharmacy - Gardens Centre,GARDENS,GARDENS,"SHOP 1 GARDENS CENTRE, 1 MILL STREET, GARDENS",021 4616819,WESTERN CAPE,,,unknown,Western Cape Pharmacy Network List,2024-07-15,8,needs_location_review,true
1061003,Alpha Pharm Chinns Pharmacy,GARDENS,GARDENS,"169 UPPER BUITENKANT STREET, GARDENS",021 4656222,WESTERN CAPE,,,unknown,Western Cape Pharmacy Network List,2024-07-15,8,needs_location_review,true
6083374,Gatesville Pharmacy,GATESVILLE,GATESVILLE,"SHOP 10/3 GATESVILLE SHOPPING, CENTRE KLIPFONTEIN ROAD, GATESVILLE",021 6374705,WESTERN CAPE,,,unknown,Western Cape Pharmacy Network List,2024-07-15,8,needs_location_review,true
718815,Clicks Pharmacy Rylands Village,GATESVILLE,GATESVILLE,"SHOP 3 RYLANDS VILLAGE SHOPPING, CENTRE 53 COLLEGE ROAD, GATESVILLE",021 6998061,WESTERN CAPE,,,unknown,Western Cape Pharmacy Network List,2024-07-15,8,needs_location_review,true
6083471,Medigate Pharmacy,GATESVILLE,GATESVILLE,"GATESVILLE MEDICAL CENTRE, CLINIC ROAD",,WESTERN CAPE,,,unknown,Western Cape Pharmacy Network List,2024-07-15,8,needs_location_review,true
1103911,Dis-Chem George Pharmacy,GEORGE,GEORGE,"SHOP 122, GARDEN ROUTE MALL, CNR N2 HIGHWAY AND KNYSNA RD",010 5892200,WESTERN CAPE,-33.961918,22.456753,town,Western Cape Pharmacy Network List,2024-07-15,8,verified,true
6078680,Morris Pharmacy,GEORGE,GEORGE,"92 HIBERNIA STREET, GEORGE",044 8743728,WESTERN CAPE,-33.964176,22.457553,town,Western Cape Pharmacy Network List,2024-07-15,8,verified,true
6065090,Geneva Pharmacy & Medicine Depot,GEORGE,GEORGE,"75 STANDER STREET, LOERIE PARK",044 8712879,WESTERN CAPE,-33.965753,22.458047,town,Western Cape Pharmacy Network List,2024-07-15,8,verified,true
6004199,Protea Apteek,GEORGE,GEORGE,"92 YORK STREET, GEORGE",044 8743124,WESTERN CAPE,-33.963729,22.461859,town,Western Cape Pharmacy Network List,2024-07-15,8,verified,true
6004210,Ress and Van Zyl Pharmacy,GEORGE,GEORGE,"83 HIBERNIA STREET, GEORGE",044 8732392,WESTERN CAPE,-33.966553,22.460353,town,Western Cape Pharmacy Network List,2024-07-15,8,verified,true
6004229,E Coetzee Apteek,GEORGE,GEORGE,"72 YORK STREET, GEORGE",044 8743188,WESTERN CAPE,-33.965965,22.458941,town,Western Cape Pharmacy Network List,2024-07-15,8,verified,true
6046126,Medical Centre Pharmacy,GEORGE,GEORGE,"CNR YORK STREET & GLOUCESTER, LANE",044 8735752,WESTERN CAPE,-33.962624,22.461647,town,Western Cape Pharmacy Network List,2024-07-15,8,verified,true
934844,Dis-Chem York Street Pharmacy,GEORGE,GEORGE,"SHOP 1-4 ST VINCENT SQUARE, 107 YORK STREET, GEORGE",044 1080010,WESTERN CAPE,-33.966035,22.461318,town,Western Cape Pharmacy Network List,2024-07-15,9,verified,true
1062808,Clicks Pharmacy York Street,GEORGE,GEORGE,"SHOP 17 BOULEVARD SHOPPING, CENTRE YORK STREET, GEORGE",044 8736423,WESTERN CAPE,-33.962153,22.459718,town,Western Cape Pharmacy Network List,2024-07-15,9,verified,true
439916,Pick 'N Pay Pharmacy George,GEORGE,GEORGE,"PICK 'N PAY CENTRE, KNYSNA ROAD, GEORGE",044 8711523,WESTERN CAPE,-33.964482,22.461459,town,Western Cape Pharmacy Network List,2024-07-15,9,verified,true
486035,Clicks Pharmacy George 2,GEORGE,GEORGE,"SECTION A SHOP 1-2 PICK 'N PAY, CENTRE 4TH STREET, GEORGE",044 8711120,WESTERN CAPE,-33.965329,22.459129,town,Western Cape Pharmacy Network List,2024-07-15,9,verified,true
319570,Conville Pharmacy,GEORGE,GEORGE,"SHALIMA PARK, 46 SANDKRAAL ROAD, GEORGE",044 8750024,WESTERN CAPE,-33.966906,22.456494,town,Western Cape Pharmacy Network List,2024-07-15,9,verified,true
319988,Medirite Pharmacy - George Squar,GEORGE,GEORGE,"CHECKERS ST GEORGES SQUARE, CNR 3RD STREET & KNYSNA ROAD, GEORGE",044 8714373,WESTERN CAPE,-33.961212,22.458165,town,Western Cape Pharmacy Network List,2024-07-15,9,verified,true
377279,Pharma Warehouse Pharmacy - Geor,GEORGE,GEORGE,"SHOP 7B HEATHER PARK CENTRE, CNR PINE & WITFONTEIN ROAD, HEATHER PARK",044 8707181,WESTERN CAPE,-33.964176,22.460424,town,Western Cape Pharmacy Network List,2024-07-15,9,verified,true
390518,Clicks Pharmacy - George Cbd,GEORGE,GEORGE,"82 MARKET STREET, GEORGE",044 8736377,WESTERN CAPE,-33.961565,22.458071,town,Western Cape Pharmacy Network List,2024-07-15,9,verified,true
11282,King George Pharmacy,GEORGE,GEORGE,"SHOP 1, 1 YORK STREET, GEORGE",044 8732420,WESTERN CAPE,-33.962506,22.458941,town,Western Cape Pharmacy Network List,2024-07-15,9,verified,true
101036,Palmview Dispensary,GEORGE,GEORGE,C/O YORK & GLOUCESTER AVE,044 8032008,WESTERN CAPE,-33.966035,22.461976,town,Western Cape Pharmacy Network List,2024-07-15,9,verified,true
112216,Grootbrak Pharmacy,GEORGE,GEORGE,"49 LANG STREET, BERGSIG",044 6202511,WESTERN CAPE,-33.965094,22.459741,town,Western Cape Pharmacy Network List,2024-07-15,9,verified,true
164186,Pacaltsdorp Pharmacy,GEORGE,GEORGE,"47 MISSION STREET, PACALTSDORP",044 8781700,WESTERN CAPE,-33.966976,22.456753,town,Western Cape Pharmacy Network List,2024-07-15,9,verified,true
166871,Riverside Pharmacy George,GEORGE,GEORGE,"7 HERRIE STREET, DORMEHLSDRIFT",044 2500250,WESTERN CAPE,-33.962294,22.456071,town,Western Cape Pharmacy Network List,2024-07-15,9,verified,true
690392,Clicks Pharmacy - Germiston,GERMISTON,GERMISTON,"CNR WEBBER & OLIVIER STREETS, LAMBTON",021 4601089,WESTERN CAPE,,,unknown,Western Cape Pharmacy Network List,2024-07-15,9,needs_location_review,true
6041205,Tygerberg Pharmacy,GLENLILY,GLENLILY,CNR. MCINTYRE STREET & 2ND AVENU,,WESTERN CAPE,,,unknown,Western Cape Pharmacy Network List,2024-07-15,9,needs_location_review,true
201510,N1 City Clicks Pharmacy,GOODWOOD,GOODWOOD,"SHOP 6 N1 CITY MALL, FRANS CONRADIE DRIVE, N1 CITY",021 5951122,WESTERN CAPE,-33.908588,18.548035,town,Western Cape Pharmacy Network List,2024-07-15,9,verified,true
79480,Mini-Kem Pharmacy Goodwood,GOODWOOD,GOODWOOD,"SHOP 1 GOODWOOD MALL CNR, VOORTREKKER ROAD & MCDONALD, GOODWOOD",021 5913001,WESTERN CAPE,-33.911647,18.547847,town,Western Cape Pharmacy Network List,2024-07-15,9,verified,true
6062598,Pharmacy City,GOODWOOD,GOODWOOD,"SHOP 35 N1 CITY MALL, FRANS CONRADIE DRIVE, N1 CITY",021 5951433,WESTERN CAPE,-33.906165,18.548059,town,Western Cape Pharmacy Network List,2024-07-15,9,verified,true
6005896,Monument Apteek,GOODWOOD,GOODWOOD,"75 VOORTREKKER ROAD, GOODWOOD",021 5914164,WESTERN CAPE,-33.906729,18.545306,town,Western Cape Pharmacy Network List,2024-07-15,9,verified,true
768979,Dis-Chem Goodwood Pharmacy (Pty),GOODWOOD,GOODWOOD,"SHOP 74 N1 VALUE CENTRE, 7 SOLLY SMIEDT STREET, GOODWOOD",021 5410004,WESTERN CAPE,-33.910212,18.548129,town,Western Cape Pharmacy Network List,2024-07-15,9,verified,true
6066739,Netcare N1 City Pharmacy,GOODWOOD,GOODWOOD,LOUWTJIE ROTHMAN STREET,021 5904500,WESTERN CAPE,-33.907129,18.548435,town,Western Cape Pharmacy Network List,2024-07-15,9,verified,true
714631,Clicks Pharmacy-Gordon'S Bay,GORDON'S BAY,GORDON'S BAY,"SHOP 16 GORDON'S BAY SHOPPING, CENTRE SIR LOWRY'S PASS ROAD, GORDON'S BAY",021 8561845,WESTERN CAPE,-34.157682,18.866624,town,Western Cape Pharmacy Network List,2024-07-15,9,verified,true
890936,Clicks Pharmacy Grassy Park,GRASSY PARK,GRASSY PARK,"79 CNR 3RD AVENUE & VICTORIA, ROAD, GRASSY PARK",021 7054755,WESTERN CAPE,-34.047694,18.499635,town,Western Cape Pharmacy Network List,2024-07-15,9,verified,true
769347,Lotusriver Pharmacy,GRASSY PARK,GRASSY PARK,"UNIT 7 OK MINIMARK, CNR ZEEKOE & 5TH AVENUE, GRASSY PARK",021 5182143,WESTERN CAPE,-34.050518,18.504459,town,Western Cape Pharmacy Network List,2024-07-15,9,verified,true
569445,Maggaard'S Multichem Pharmacy,GRASSY PARK,GRASSY PARK,"SHOP 10 PRINCE PARK CENTRE, PRINCE GEORGE DRIVE, GRASSY PARK",021 2006467,WESTERN CAPE,-34.046,18.499212,town,Western Cape Pharmacy Network List,2024-07-15,9,verified,true
950815,Clicks Pharmacy Cape Quarter,GREEN POINT,GREEN POINT,"SHOP 12 & 13 CAPE QUARTER, LIFESTYLE VILLAGE 27 SOMERSET, GREEN POINT",021 4888000,WESTERN CAPE,,,unknown,Western Cape Pharmacy Network List,2024-07-15,9,needs_location_review,true
1154974,Choice Pharmacy Groot Brak,GROOT BRAK,GROOT BRAK,"97 LANG STREET, GREAT BRAK RIVER, GROOT BRAK",044 2505000,WESTERN CAPE,,,unknown,Western Cape Pharmacy Network List,2024-07-15,9,needs_location_review,true
352098,Medirite Pharmacy - Gugulethu,GUGULETHU,GUGULETHU,"SHOPRITE GUGULETHU MALL, CNR NY1 & NY3, GUGULETHU",021 6380658,WESTERN CAPE,,,unknown,Western Cape Pharmacy Network List,2024-07-15,9,needs_location_review,true
6075363,Heidelberg Pharmacy,HEIDELBERG,HEIDELBERG,"33 FOURIE STREET, HEIDELBERG",028 7221243,WESTERN CAPE,,,unknown,Western Cape Pharmacy Network List,2024-07-15,9,needs_location_review,true
355623,Medirite Pharmacy - Heiderand,HEIDERAND,HEIDERAND,"CHECKERS HEIDERAND MOSSEL BAY, MALL CNR LOUIS FOURIE & MELKHOUT, STREET",044 6932046,WESTERN CAPE,,,unknown,Western Cape Pharmacy Network List,2024-07-15,10,needs_location_review,true
621897,Medirite Pharmacy Helderberg Mal,HELDERBERG,HELDERBERG,"SHOP 1 CNR DE BEERS AVENUE &, FORSYTH ROAD, HELDERBERG",021 8500192,WESTERN CAPE,,,unknown,Western Cape Pharmacy Network List,2024-07-15,10,needs_location_review,true
6077811,Disa-Med Pharmacy Hermanus,HERMANUS,HERMANUS,HOSPITAAL STREET,028 3130168,WESTERN CAPE,-34.420918,19.236165,town,Western Cape Pharmacy Network List,2024-07-15,10,verified,true
6083560,A Stewart Pharmacy,HERMANUS,HERMANUS,"SHOP 9 PICK & PAY CENTRE, 81 MAIN ROAD",028 3121410,WESTERN CAPE,-34.416706,19.232376,town,Western Cape Pharmacy Network List,2024-07-15,10,verified,true
6047726,Hermanus Pharmacy,HERMANUS,HERMANUS,"145 MAIN ROAD, HERMANUS",028 3124039,WESTERN CAPE,-34.418706,19.233718,town,Western Cape Pharmacy Network List,2024-07-15,10,verified,true
6073646,Rheezicht Pharmacy,HERMANUS,HERMANUS,"SHOP B14 GATEWAY CENTRE, 66 MAIN ROAD, HERMANUS",028 3124847,WESTERN CAPE,-34.418471,19.233835,town,Western Cape Pharmacy Network List,2024-07-15,10,verified,true
705527,Clicks Pharmacy -Whale Coast,HERMANUS,HERMANUS,"SHOP G49 & 50 WHALE COAST MALL, R43, HERMANUS",028 3123140,WESTERN CAPE,-34.417271,19.233294,town,Western Cape Pharmacy Network List,2024-07-15,10,verified,true
395455,Medirite Pharmacy,HERMANUS,HERMANUS,"CHECKERS CENTRE CNR LORD ROBERTS, & MITCHELL STREET, HERMANUS",028 3123182,WESTERN CAPE,-34.420894,19.232447,town,Western Cape Pharmacy Network List,2024-07-15,10,verified,true
258822,Clicks Pharmacy - Hermanus,HERMANUS,HERMANUS,"SHOP 21 WATERKANT BUILDING, MAIN ROAD, HERMANUS",028 3130138,WESTERN CAPE,-34.418824,19.233294,town,Western Cape Pharmacy Network List,2024-07-15,10,verified,true
6063322,Wheelers Pharmacy,HOUT BAY,HOUT BAY,"THE PASSAGEWAY, MAIN ROAD, HOUT BAY",021 7903136,WESTERN CAPE,,,unknown,Western Cape Pharmacy Network List,2024-07-15,10,needs_location_review,true
369179,Clicks Pharmacy - Hout Bay,HOUT BAY,HOUT BAY,"8 MAINSTREAM SHOPPING CENTRE, CNR MAIN ROAD & PRINCESS STREET, HOUT BAY",021 7905076,WESTERN CAPE,,,unknown,Western Cape Pharmacy Network List,2024-07-15,10,needs_location_review,true
6077919,Sentinel Dispensary,HOUT BAY,HOUT BAY,"CANDLEWOOD CENTRE, VICTORIA AVENUE, HOUT BAY",021 7903400,WESTERN CAPE,,,unknown,Western Cape Pharmacy Network List,2024-07-15,10,needs_location_review,true
6075177,Clicks Pharmacy - Sophiatown,JOHANNESBURG,JOHANNESBURG,"MEDICROSS MEDICAL CENTRE, CNR EDWARD & MILLAR STREETS",021 4601089,WESTERN CAPE,,,unknown,Western Cape Pharmacy Network List,2024-07-15,10,needs_location_review,true
834025,Dis-Chem Kenilworth Centre Pharm,KENILWORTH,KENILWORTH,"SHOP 001 KENILWORTH CENTRE, 35 LOCH ROAD, KENILWORTH",021 5410058,WESTERN CAPE,-33.994576,18.472271,town,Western Cape Pharmacy Network List,2024-07-15,10,verified,true
6002188,S R Noyes,KENILWORTH,KENILWORTH,"KENS BUILDING, CNR MAIN ROAD & MAINS AVENUE, KENILWORTH",021 7615701,WESTERN CAPE,-33.994529,18.474882,town,Western Cape Pharmacy Network List,2024-07-15,10,verified,true
691739,Clicks Pharmacy - Rosmead Avenue,KENILWORTH,KENILWORTH,"MEDICROSS KENILWORTH, 67 ROSMEAD AVENUE, KENILWORTH",021 6718919,WESTERN CAPE,-33.995494,18.469682,town,Western Cape Pharmacy Network List,2024-07-15,10,verified,true
315664,Medirite Pharmacy - Kenilworth,KENILWORTH,KENILWORTH,"CHECKERS KENILWORTH CENTRE, CNR DONCASTER & CHICHESTER ROAD, KENILWORTH",021 6710256,WESTERN CAPE,-33.991494,18.472976,town,Western Cape Pharmacy Network List,2024-07-15,10,verified,true
6072666,Pharmacross Kenilworth Dispensar,KENILWORTH,KENILWORTH,"KENILWORTH MEDICAL CENTRE, 67 ROSSMEAD AVENUE",021 6707649,WESTERN CAPE,-33.992906,18.474247,town,Western Cape Pharmacy Network List,2024-07-15,10,verified,true
87181,Kenridge Pharmacy,KENRIDGE,KENRIDGE,"SHOP 13 IPIC KENDRIDGE CENTRE, DOOR DE KRAAL AVENUE, KENRIDGE",021 9141122,WESTERN CAPE,,,unknown,Western Cape Pharmacy Network List,2024-07-15,10,needs_location_review,true
199168,Graceland Pharmacy,KHAYELITSHA,KHAYELITSHA,"SHOP 6 KCT MALL CNR WALTER, SISULU & STEVE BIKO ROAD, KHAYELITSHA",021 3618934,WESTERN CAPE,-34.040706,18.676471,town,Western Cape Pharmacy Network List,2024-07-15,10,verified,true
1113534,Khayelitsha Medical Centre Pharm,KHAYELITSHA,KHAYELITSHA,"30 32 NTLANZANE ROAD, ILITHA PARK, KHAYELITSHA",068 7983346,WESTERN CAPE,-34.037294,18.676424,town,Western Cape Pharmacy Network List,2024-07-15,10,verified,true
6083439,Lutzville Apteek,KLAWER,KLAWER,"14 MATZIKAMA STREET, KLAWER",027 2172100,WESTERN CAPE,,,unknown,Western Cape Pharmacy Network List,2024-07-15,10,needs_location_review,true
6081096,Albertyn Pharmacy,KLEINMOND,KLEINMOND,"SHOP 1A SPAR CENTRE, BOTRIVER ROAD",028 2714666,WESTERN CAPE,,,unknown,Western Cape Pharmacy Network List,2024-07-15,10,needs_location_review,true
6039464,Kleinmond Kliniek Pharmacy,KLEINMOND,KLEINMOND,"MEDICAL CENTRE, 25 MAIN ROAD, KLEINMOND",028 2713320,WESTERN CAPE,,,unknown,Western Cape Pharmacy Network List,2024-07-15,10,needs_location_review,true
390534,Clicks Pharmacy - Flamwood,KLERKSDORP,KLERKSDORP,"SHOP 10, FLAMWOOD WALK SHOPPING CENTRE, BROTHER PATRICK LANE",086 0103030,WESTERN CAPE,,,unknown,Western Cape Pharmacy Network List,2024-07-15,10,needs_location_review,true
6069304,Knysna Central Pharmacy,KNYSNA,KNYSNA,"19 MAIN ROAD, KNYSNA",044 3825222,WESTERN CAPE,-34.033188,23.048588,town,Western Cape Pharmacy Network List,2024-07-15,10,verified,true
797022,Dis-Chem Knysna Mall Pharmacy,KNYSNA,KNYSNA,"SHOP Z1-17A KNYSNA MALL, 51 MAIN ROAD, KNYSNA",044 1080003,WESTERN CAPE,-34.037824,23.044635,town,Western Cape Pharmacy Network List,2024-07-15,10,verified,true
196908,Hunters Estate Pharmacy,KNYSNA,KNYSNA,"HUNTERS ESTATE MEDICAL CENTRE, BARACUDA STREET",,WESTERN CAPE,-34.033706,23.048635,town,Western Cape Pharmacy Network List,2024-07-15,10,verified,true
229660,Clicks Pharmacy - Knysna,KNYSNA,KNYSNA,"SHOP 3 WOODMILL LANE SHOPPING, CENTRE MAIN ROAD, KNYSNA",044 3824831,WESTERN CAPE,-34.036741,23.046118,town,Western Cape Pharmacy Network List,2024-07-15,10,verified,true
76929,Village Pharmacy,KNYSNA,KNYSNA,"SHOP 57 MULBERRY GARDENS, MAIN ROAD, KNYSNA",044 3822245,WESTERN CAPE,-34.037329,23.049271,town,Western Cape Pharmacy Network List,2024-07-15,11,verified,true
134678,Knysna Kem Pharmacy,KNYSNA,KNYSNA,"WOODMILL LANE CENTRE, LONG STREET, KNYSNA",044 3825600,WESTERN CAPE,-34.038529,23.047929,town,Western Cape Pharmacy Network List,2024-07-15,11,verified,true
904376,Clicks Pharmacy Nkomazi Plaza,KOMATIPOORT,KOMATIPOORT,"SHOP 41, NKOMAZI PLAZA",021 4601911,WESTERN CAPE,,,unknown,Western Cape Pharmacy Network List,2024-07-15,11,needs_location_review,true
189316,Kommetjie Country Health Pharmac,KOMMETJIE,KOMMETJIE,"SHOP 1, SWAN LODGE, MAIN ROAD",021 7830711,WESTERN CAPE,,,unknown,Western Cape Pharmacy Network List,2024-07-15,11,needs_location_review,true
6044263,Eikendal Pharmacy,KRAAIFONTEIN,KRAAIFONTEIN,"247 VOORTREKKER ROAD, KRAAIFONTEIN",021 9880843,WESTERN CAPE,-33.849894,18.714141,town,Western Cape Pharmacy Network List,2024-07-15,11,verified,true
6073522,Pharmacross Kraaifontein Dispens,KRAAIFONTEIN,KRAAIFONTEIN,"BRIGHTON SQUARE, CNR BRIGHTON & KIPLING STREET",021 9870353,WESTERN CAPE,-33.847165,18.716682,town,Western Cape Pharmacy Network List,2024-07-15,11,verified,true
1175556,Belmont Pharmacy,KRAAIFONTEIN,KRAAIFONTEIN,"SHOP NO 6 MIDAS CENTRE, 164 VOORTREKKER ROAD",021 5183052,WESTERN CAPE,-33.847424,18.714165,town,Western Cape Pharmacy Network List,2024-07-15,11,verified,true
694045,Clicks Pharmacy - Kipling Street,KRAAIFONTEIN,KRAAIFONTEIN,"ARCADIA CENTRE, CNR. BRIGHTON ROAD & KIPLING STR",021 4601089,WESTERN CAPE,-33.846082,18.719788,town,Western Cape Pharmacy Network List,2024-07-15,11,verified,true
1015087,Clicks Pharmacy The Falls Shoppi,KRUGERSDORP,KRUGERSDORP,"SHOP 1, THE FALLS SHOPPING CENTRE, CNR HENDRIK POTGIETER & JOHAN ST",021 4601846,WESTERN CAPE,,,unknown,Western Cape Pharmacy Network List,2024-07-15,11,needs_location_review,true
695637,Clicks Pharmacy - Krugersdorp,KRUGERSDORP,KRUGERSDORP,CNR LUIPAARD & PAARDEKRAAL ROAD,086 0254257,WESTERN CAPE,,,unknown,Western Cape Pharmacy Network List,2024-07-15,11,needs_location_review,true
764892,Medirite Zevenwacht Pharmacy,KUILS RIVER,KUILS RIVER,"CHECKERS ZEVENWACHT CNR, LANGVERWACHT ROAD & KLOOF AVENUE, KUILS RIVER",021 9007660,WESTERN CAPE,-33.932306,18.681365,town,Western Cape Pharmacy Network List,2024-07-15,11,verified,true
798282,Dis-Chem Haasendal Pharmacy,KUILS RIVER,KUILS RIVER,"SHOP 30 HAASENDAL SHOPPING, CENTRE CNR BOTTELARY & SAXDOWNS, KUILS RIVER",021 5410034,WESTERN CAPE,-33.935694,18.678353,town,Western Cape Pharmacy Network List,2024-07-15,11,verified,true
601225,Dis-Chem Zevenwacht Pharmacy,KUILS RIVER,KUILS RIVER,"SHOP 44 ZEVENWACHT MALL CNR, POLKADRAAI & VAN RIEBEECK ROAD, KUILS RIVER",021 9009160,WESTERN CAPE,-33.931788,18.680988,town,Western Cape Pharmacy Network List,2024-07-15,11,verified,true
316393,H Brand T/A Essential Health Pha,KUILS RIVER,KUILS RIVER,"80 VAN RIEBEECK ROAD, KUILS RIVER",021 9035114,WESTERN CAPE,-33.934541,18.680965,town,Western Cape Pharmacy Network List,2024-07-15,11,verified,true
94889,Netcare Kuilsriver Pharmacy,KUILS RIVER,KUILS RIVER,33 VAN RIEBEECK ROAD,021 9006040,WESTERN CAPE,-33.930188,18.681247,town,Western Cape Pharmacy Network List,2024-07-15,11,verified,true
99619,Medi-Rite Pharmacy Kuilsriver,KUILS RIVER,KUILS RIVER,"SHOP 16 SHOPRITE CENTRE, VAN RIEBEECK ROAD",021 9060717,WESTERN CAPE,-33.935271,18.680094,town,Western Cape Pharmacy Network List,2024-07-15,11,verified,true
1119559,Clicks Pharmacy Zevenview,KUILSRIVER,KUILSRIVER,"SHOP NO 09, ZEVENVIEW SHOPPING C, 4 SKILPADDAM ROAD, KUILSRIVER, E",021 4601846,WESTERN CAPE,,,unknown,Western Cape Pharmacy Network List,2024-07-15,11,needs_location_review,true
1146955,K Health Pharmacy Highbury,KUILSRIVER,KUILSRIVER,"SHOP 5A& 5B, HIGHBURRY PARK SHOP, NOOIENSFONTEIN ROAD, NOOIENSFONTEIN ROAD",,WESTERN CAPE,,,unknown,Western Cape Pharmacy Network List,2024-07-15,11,needs_location_review,true
6079288,Ladismith,LADISMITH,LADISMITH,"32 VAN RIEBEECK STREET, LADISMITH",028 5511070,WESTERN CAPE,,,unknown,Western Cape Pharmacy Network List,2024-07-15,11,needs_location_review,true
6072909,K L Shambler Cc T/A Lakeside Pha,LAKESIDE,LAKESIDE,"LAKESIDE VILLAGE CENTRE, 62 MAIN ROAD",021 7886300,WESTERN CAPE,,,unknown,Western Cape Pharmacy Network List,2024-07-15,11,needs_location_review,true
6039340,Lambertsbaai Pharmacy,LAMBERT'S BAY,LAMBERT'S BAY,"SHOP 2 MEDICAL CENTRE, MAIN STREET, LAMBERT'S BAY",027 4321133,WESTERN CAPE,,,unknown,Western Cape Pharmacy Network List,2024-07-15,11,needs_location_review,true
1139258,Dis-Chem Laguna Mall Pharmacy,LANGEBAAN,LANGEBAAN,"SHOP NO 55A LAGUNA MALL, MYKONOS ACCESS ROAD, LANGEBAAN",,WESTERN CAPE,-33.094012,18.031482,town,Western Cape Pharmacy Network List,2024-07-15,11,verified,true
319058,Clicks Pharmacy - Laguna Mall,LANGEBAAN,LANGEBAAN,"SHOP 22 LAGUNA MALL, LAGUNA STREET, LANGEBAAN",022 7720333,WESTERN CAPE,-33.097188,18.035553,town,Western Cape Pharmacy Network List,2024-07-15,11,verified,true
417386,Langebaan Pharmacy,LANGEBAAN,LANGEBAAN,"SEA BREEZE CENTRE, OOSTEWAL STREET, LANGEBAAN",022 7722470,WESTERN CAPE,-33.094059,18.0336,town,Western Cape Pharmacy Network List,2024-07-15,11,verified,true
678643,Plax Chemist,LANSDOWNE,LANSDOWNE,488 LANDSDOWNE ROAD,021 7614121,WESTERN CAPE,-33.985988,18.496071,town,Western Cape Pharmacy Network List,2024-07-15,11,verified,true
6044735,Wetlands Pharmacy,LANSDOWNE,LANSDOWNE,"ASLAM CENTRE, 650 LANSDOWNE ROAD, LANSDOWNE",021 7035619,WESTERN CAPE,-33.9874,18.497976,town,Western Cape Pharmacy Network List,2024-07-15,11,verified,true
772747,Springbok Pharmacy,LANSDOWNE,LANSDOWNE,468 IMAM HARON RD,021 6961242,WESTERN CAPE,-33.989188,18.499271,town,Western Cape Pharmacy Network List,2024-07-15,11,verified,true
548774,Clicks Pharmacy Lansdowne,LANSDOWNE,LANSDOWNE,"SHOP 4 LANSDOWNE CORNER CNR, GOVAN MBEKI ROAD & JAN SMUTS, LANSDOWNE",021 7037860,WESTERN CAPE,-33.986176,18.494306,town,Western Cape Pharmacy Network List,2024-07-15,11,verified,true
6039677,Plax Chemist,LANSDOWNE,LANSDOWNE,"PLAX BUILDING, 488 GOVAN MBEKI ROAD",021 7614121,WESTERN CAPE,-33.986271,18.497694,town,Western Cape Pharmacy Network List,2024-07-15,11,verified,true
146277,Tzaneen Private Hopital Pharmacy,LIMPOPO,LIMPOPO,"SECTION 185 PUSELA (ON R71), C/O 34 DOUGLAS STREET & R71",015 3068501,WESTERN CAPE,,,unknown,Western Cape Pharmacy Network List,2024-07-15,12,needs_location_review,true
72613,Glenfair Pharmacy,LYNNWOOD GLEN,LYNNWOOD GLEN,"SANLAM CENTRE GLENFAIR, CNR. LYNNWOOD ROAD & DAVENTRY ST",012 3681179,WESTERN CAPE,,,unknown,Western Cape Pharmacy Network List,2024-07-15,12,needs_location_review,true
753734,Belkem Pharmacy,MACASSAR,MACASSAR,"SHOP 19 MACASSAR CENTRE, CNR HOSPITAL & BURG STREET, MACASSAR",021 2240844,WESTERN CAPE,-34.063365,18.759435,town,Western Cape Pharmacy Network List,2024-07-15,12,verified,true
715964,Clicks Pharmacy - Malelane Ingwe,MALELANE,MALELANE,"SHOP 26, INGWE SHOPPING CENTRE, IMPALA STREET",086 0254257,WESTERN CAPE,,,unknown,Western Cape Pharmacy Network List,2024-07-15,12,needs_location_review,true
6031315,Swartland Pharmacy,MALMESBURY,MALMESBURY,"SHOP 20 DE BRON SHOPPING CENTRE, 55 VOORTREKKER ROAD, MALMESBURY",022 4821277,WESTERN CAPE,-33.457118,18.726518,town,Western Cape Pharmacy Network List,2024-07-15,12,verified,true
6035558,Geard Pharmacy,MALMESBURY,MALMESBURY,"69 VOORTREKKER ROAD, MALMESBURY",022 4822416,WESTERN CAPE,-33.461753,18.7276,town,Western Cape Pharmacy Network List,2024-07-15,12,verified,true
321915,Clicks Pharmacy - Malmesbury,MALMESBURY,MALMESBURY,"CNR HILL STREET & VOORTREKKER, ROAD, MALMESBURY",022 4821685,WESTERN CAPE,-33.457071,18.727341,town,Western Cape Pharmacy Network List,2024-07-15,12,verified,true
393258,Family Care Pharmacy,MALVERN,MALVERN,"QUEENSBURGH PICK N PAY CENTRE, 161 MAIN ROAD",086 0103030,WESTERN CAPE,,,unknown,Western Cape Pharmacy Network List,2024-07-15,12,needs_location_review,true
137413,Atlantic View Pharmacy,MELKBOSSTRAND,MELKBOSSTRAND,"SHOP 2 BELZAC CENTRE, 6TH AVENUE, MELKBOSSTRAND",021 5531917,WESTERN CAPE,,,unknown,Western Cape Pharmacy Network List,2024-07-15,12,needs_location_review,true
117072,Melkbos Pharmacy,MELKBOSSTRAND,MELKBOSSTRAND,"SHOP 2 BIRKENHEAD SHOPPING, CENTRE CNR BIRKENHEAD & OTTO DU, PLESSIS DRIVE",021 5532644,WESTERN CAPE,,,unknown,Western Cape Pharmacy Network List,2024-07-15,12,needs_location_review,true
685763,Clicks Pharmacy - Carlswald,MIDRAND,MIDRAND,"SHOP AA1B, CARLSWALD DECOR CENTRE, CORNER 5TH & HARRY GALAUN ROAD",021 4601846,WESTERN CAPE,,,unknown,Western Cape Pharmacy Network List,2024-07-15,12,needs_location_review,true
6000525,Ascot Pharmacy,MILNERTON,MILNERTON,"UNIT 2 & 3 MILNERTON CENTRE, 42 KOEBERG ROAD, MILNERTON",021 5522077,WESTERN CAPE,,,unknown,Western Cape Pharmacy Network List,2024-07-15,12,needs_location_review,true
505870,Clicks Pharmacy The Paddocks,MILNERTON,MILNERTON,"SHOP 8 THE PADDOCKS, RACECOURSE ROAD, MILNERTON",021 5519627,WESTERN CAPE,,,unknown,Western Cape Pharmacy Network List,2024-07-15,12,needs_location_review,true
6000770,Cambridge Pharmacy,MILNERTON,MILNERTON,"SHOP 8 MILNERTON MALL, 7 MILLVALE ROAD",021 5512243,WESTERN CAPE,,,unknown,Western Cape Pharmacy Network List,2024-07-15,12,needs_location_review,true
660582,Dis-Chem Liberty Promenade Pharm,MITCHELLS PLAIN,MITCHELLS PLAIN,"SHOP 27 & 28 LIBERTY PROMENADE, SHOPPING CENTRE A Z BERMAN DRIVE, MITCHELLS PLAIN",021 0030108,WESTERN CAPE,-34.046353,18.618682,town,Western Cape Pharmacy Network List,2024-07-15,12,verified,true
194271,Clicks Pharmacy - Promenade,MITCHELLS PLAIN,MITCHELLS PLAIN,"SHOP 2 PROMENADE MALL, A Z BERMAN DRIVE, MITCHELLS PLAIN",021 3764477,WESTERN CAPE,-34.048047,18.617835,town,Western Cape Pharmacy Network List,2024-07-15,12,verified,true
6064043,Westgate Apteek,MITCHELLS PLAIN,MITCHELLS PLAIN,"SHOP 81 WESTGATE MALL CNR JAKES, GERWEL DRIVE & MORGENSTER ROAD, MITCHELLS PLAIN",021 3716110,WESTERN CAPE,-34.046471,18.616306,town,Western Cape Pharmacy Network List,2024-07-15,12,verified,true
6038883,Nu Kem Pharmacy,MITCHELLS PLAIN,MITCHELLS PLAIN,"SHOP 0002 MITCHELLS PLAIN, SHOPPING CENTRE MUTUAL SONATA, MITCHELLS PLAIN",021 3912482,WESTERN CAPE,-34.051553,18.6152,town,Western Cape Pharmacy Network List,2024-07-15,12,verified,true
6040659,Lentegeur Pharmacy,MITCHELLS PLAIN,MITCHELLS PLAIN,"4 MERRYDALE AVENUE, LENTEGEUR",021 3711775,WESTERN CAPE,-34.051365,18.615671,town,Western Cape Pharmacy Network List,2024-07-15,12,verified,true
719927,Clicks Pharmacy - Watergate Mall,MITCHELLS PLAIN,MITCHELLS PLAIN,"SHOP D1 WATERGATE SHOPPING, CENTRE CNR A Z BERMAN DRIVE &, LENTEGEUR",021 3710653,WESTERN CAPE,-34.048047,18.6196,town,Western Cape Pharmacy Network List,2024-07-15,12,verified,true
421510,Clicks Pharmacy - Westgate Mall,MITCHELLS PLAIN,MITCHELLS PLAIN,"SHOP 17 WESTGATE MALL CNR, MORGENSTER ROAD & WELTEVREDEN, MITCHELLS PLAIN",021 3716141,WESTERN CAPE,-34.049576,18.617906,town,Western Cape Pharmacy Network List,2024-07-15,12,verified,true
6083501,Medley Pharmacy,MITCHELLS PLAIN,MITCHELLS PLAIN,"SYMPHONY WALK, MITCHELLS PLAIN MEDICAL CENTRE",021 3923126,WESTERN CAPE,-34.049812,18.618729,town,Western Cape Pharmacy Network List,2024-07-15,12,verified,true
899437,Clicks Pharmacy Town Centre,MITCHELLS PLAIN,MITCHELLS PLAIN,18 SYMPHONY WALK,021 4601555,WESTERN CAPE,-34.051835,18.617341,town,Western Cape Pharmacy Network List,2024-07-15,12,verified,true
424986,Pick 'N Pay Pharmacy Promonade,MITCHELLS PLAIN,MITCHELLS PLAIN,"SHOP 1 PROMENADE SHOPPING, CENTRE CNR A Z BERMAN DRIVE &, MORGENSTER ROAD",021 3760488,WESTERN CAPE,-34.051576,18.615482,town,Western Cape Pharmacy Network List,2024-07-15,12,verified,true
194107,John Montague Centre Pharmacy,MONTAGUE GARDENS,MONTAGUE GARDENS,"SHOP 1 JOHN MONTAGUE CENTRE, MONTAGUE DRIVE, MONTAGUE GARDENS",021 5523317,WESTERN CAPE,,,unknown,Western Cape Pharmacy Network List,2024-07-15,12,needs_location_review,true
396893,Medirite Pharmacy Zambezi Mall,MONTANA,MONTANA,"CHECKERS, CORNER MOLOTO ROAD ZAMBEZI DRIVE",,WESTERN CAPE,,,unknown,Western Cape Pharmacy Network List,2024-07-15,12,needs_location_review,true
6079520,Kemtique Pharmacy,MONTE VISTA,MONTE VISTA,"MONTE VISTA SHOPPING CENTRE, 102 MONTE VISTA BOULEVARD, MONTE VISTA",021 5591451,WESTERN CAPE,,,unknown,Western Cape Pharmacy Network List,2024-07-15,12,needs_location_review,true
6067484,Hartenbos Apteek,MOSSEL BAY,MOSSEL BAY,"CNR KAAP DE GOEDE HOOP & MAJUBA, AVENUE, HARTENBOS",044 6951510,WESTERN CAPE,-34.181929,22.145847,town,Western Cape Pharmacy Network List,2024-07-15,12,verified,true
6070027,Pharmacy At Spar Mosskem,MOSSEL BAY,MOSSEL BAY,"SPAR CENTRE, CNR KOMPANJE & ONDERBOS AVENUE, HARTENBOS",044 6016700,WESTERN CAPE,-34.182918,22.145306,town,Western Cape Pharmacy Network List,2024-07-15,13,verified,true
6005179,Fanies Apteek,MOSSEL BAY,MOSSEL BAY,"93 MARSH STREET, MOSSEL BAY",044 6911505,WESTERN CAPE,-34.184165,22.147682,town,Western Cape Pharmacy Network List,2024-07-15,13,verified,true
418706,Clicks Pharmacy - Mossel Bay,MOSSEL BAY,MOSSEL BAY,"SHOP 9 MOSSEL BAY MALL CNR, LOUIS FOURIE ROAD & MELKHOUT, MOSSEL BAY",044 6931305,WESTERN CAPE,-34.183812,22.146035,town,Western Cape Pharmacy Network List,2024-07-15,13,verified,true
489107,Mossel Bay Pharmacy,MOSSEL BAY,MOSSEL BAY,"10 MARKET STREET, MOSSEL BAY",044 6913456,WESTERN CAPE,-34.182376,22.146765,town,Western Cape Pharmacy Network List,2024-07-15,13,verified,true
645826,Dis-Chem Mosselbaai Mall Pharmac,MOSSEL BAY,MOSSEL BAY,"SHOP 11&12 MOSSEL BAY MALL CNR, LOUIS FOURIE & MELKHOUT STREET, MOSSELBAAI",044 3330044,WESTERN CAPE,-34.185529,22.145424,town,Western Cape Pharmacy Network List,2024-07-15,13,verified,true
225738,Clicks Pharmacy - Langeberg Mall,MOSSEL BAY,MOSSEL BAY,"SHOP 15 LANGEBERG MALL, LOUIS FOURIE ROAD, VOORBAAI",044 6920262,WESTERN CAPE,-34.181553,22.148624,town,Western Cape Pharmacy Network List,2024-07-15,13,verified,true
1152882,The Local Choice Pharmacy Langeb,MOSSEL BAY,MOSSEL BAY,"SHOP 101, LANGEBERG MALL, MOSSEL BAY",044 2505000,WESTERN CAPE,-34.182824,22.147518,town,Western Cape Pharmacy Network List,2024-07-15,13,verified,true
450782,Clicks Retailers - Capricorn Squ,MUIZENBERG,MUIZENBERG,"SHOP 8 CAPRICORN SQUARE, SHOPPING CENTRE PRINCE GEORGE, MUIZENBERG",021 7884671,WESTERN CAPE,-34.105024,18.468718,town,Western Cape Pharmacy Network List,2024-07-15,13,verified,true
693340,Clicks Pharmacy- Nelspruit Nel S,NELSPRUIT,NELSPRUIT,38 NEL STREET,086 0254257,WESTERN CAPE,,,unknown,Western Cape Pharmacy Network List,2024-07-15,13,needs_location_review,true
350788,Nelspruit Clicks Pharmacy,NELSPRUIT,NELSPRUIT,CORNER PAUL KRUGER & BROWN STREE,086 0103030,WESTERN CAPE,,,unknown,Western Cape Pharmacy Network List,2024-07-15,13,needs_location_review,true
148555,Newlands Pharmacy,NEWLANDS,NEWLANDS,"SHOP 3 DEAN STREET ARCADE, CNR DEAN & MAIN STREET, NEWLANDS",021 6853011,WESTERN CAPE,,,unknown,Western Cape Pharmacy Network List,2024-07-15,13,needs_location_review,true
686034,Clicks Pharmacy - Nimrod Park,NIMRODPARK,NIMRODPARK,82 MONUMENT ROAD,021 4601089,WESTERN CAPE,,,unknown,Western Cape Pharmacy Network List,2024-07-15,13,needs_location_review,true
406627,Clicks Pharmacy,NORTHCLIFF,NORTHCLIFF,"NORTHCLIFF CORNER, CORNER BEYERS NAUDE AND, MILNER ROADS",011 7828730,WESTERN CAPE,,,unknown,Western Cape Pharmacy Network List,2024-07-15,13,needs_location_review,true
819883,Clicks Pharmacy - Observatory,OBSERVATORY,OBSERVATORY,"SHOP 2 DENEB HOUSE, 364 MAIN ROAD, OBSERVATORY",021 4471760,WESTERN CAPE,-33.939671,18.469894,town,Western Cape Pharmacy Network List,2024-07-15,13,verified,true
6064337,Onrus Apteek,ONRUS,ONRUS,"ONRUS TRADING POST, MAIN ROAD, ONRUS RIVER",028 3161515,WESTERN CAPE,,,unknown,Western Cape Pharmacy Network List,2024-07-15,13,needs_location_review,true
441570,Medirite Pharmacy - Landsdowne C,OTTERY,OTTERY,"CNR JAN SMUTS & LANSDOWNE ROAD, OTTERY",021 7038784,WESTERN CAPE,,,unknown,Western Cape Pharmacy Network List,2024-07-15,13,needs_location_review,true
184969,Ottery Hypermarket Pharmacy,OTTERY,OTTERY,"PICK N PAY CENTRE, NEW OTTERY ROAD, OTTERY",087 7507001,WESTERN CAPE,,,unknown,Western Cape Pharmacy Network List,2024-07-15,13,needs_location_review,true
6076203,Queens-Mall Pharmacy,OUDTSHOORN,OUDTSHOORN,"SHOP 5 QUEENS RIVERSIDE MALL, VOORTREKKER STREET, OUDTSHOORN",044 2720400,WESTERN CAPE,-33.589341,22.204624,town,Western Cape Pharmacy Network List,2024-07-15,13,verified,true
6005233,Watson,OUDTSHOORN,OUDTSHOORN,"73 HIGH STREET, OUDTSHOORN",044 2722184,WESTERN CAPE,-33.591247,22.199612,town,Western Cape Pharmacy Network List,2024-07-15,13,verified,true
306843,Clicks Pharmacy - Oudtshoorn,OUDTSHOORN,OUDTSHOORN,"SHOP 1, 91 HIGH STREET, OUDTSHOORN",044 2722180,WESTERN CAPE,-33.592235,22.202388,town,Western Cape Pharmacy Network List,2024-07-15,13,verified,true
95753,Klein Karoo Pharmacy,OUDTSHOORN,OUDTSHOORN,185 CHURCH STREET,044 2720111,WESTERN CAPE,-33.592376,22.199259,town,Western Cape Pharmacy Network List,2024-07-15,13,verified,true
6077196,Gys Smit Pharmacy,PAARL,PAARL,"SHOP 11 WAMAKERS PLACE, 21 FABRIEK STREET, PAARL",021 8724657,WESTERN CAPE,-33.731847,18.963482,town,Western Cape Pharmacy Network List,2024-07-15,13,verified,true
6064000,Pharmacor Paarl Pharmacy,PAARL,PAARL,BERLYN STREET,021 8728339,WESTERN CAPE,-33.732529,18.965529,town,Western Cape Pharmacy Network List,2024-07-15,13,verified,true
6005241,Sentra Kem Apteek,PAARL,PAARL,"154A MAIN ROAD, PAARL",021 8726888,WESTERN CAPE,-33.732388,18.962565,town,Western Cape Pharmacy Network List,2024-07-15,13,verified,true
6037534,Drakenstein Pharmacy,PAARL,PAARL,"55 JAN VAN RIEBEECK DRIVE, HUGUENOT",021 8627777,WESTERN CAPE,-33.731282,18.960306,town,Western Cape Pharmacy Network List,2024-07-15,13,verified,true
484032,Paarl Noord Pharmacy,PAARL,PAARL,555A HOOF STREET,021 5581435,WESTERN CAPE,-33.736671,18.965553,town,Western Cape Pharmacy Network List,2024-07-15,13,verified,true
623334,Clicks Pharmacy Laborie Centre,PAARL,PAARL,"SHOP 1 LABORIE CENTRE, 43 MAIN ROAD, SOUTHERN PAARL",021 8631108,WESTERN CAPE,-33.734271,18.961224,town,Western Cape Pharmacy Network List,2024-07-15,13,verified,true
391166,Medirite Pharmacy - Berg River,PAARL,PAARL,"SHOPRITE PAARL CNR BERGRIVER, BOULEVARD & VAN DER LINGEN, PAARL",021 8701081,WESTERN CAPE,-33.731376,18.962471,town,Western Cape Pharmacy Network List,2024-07-15,13,verified,true
193607,Dis-Chem Paarl Mall Pharmacy,PAARL,PAARL,"SHOP 95 PAARL MALL, CNR JONES & NUW VLEI STREET, PAARL",021 8635070,WESTERN CAPE,-33.731212,18.964729,town,Western Cape Pharmacy Network List,2024-07-15,13,verified,true
208779,Clicks Pharmacy - Paarl Mall,PAARL,PAARL,"SHOP 16 PAARL MALL, CNR CECILIA & NUW VLEI STREET, PAARL",021 8631729,WESTERN CAPE,-33.732694,18.964118,town,Western Cape Pharmacy Network List,2024-07-15,14,verified,true
289698,Medirite Pharmacy - Paarl,PAARL,PAARL,"SHOPRITE PAARL, CNR LADY GREY & WATERKANT, PAARL",021 8723349,WESTERN CAPE,-33.735682,18.961435,town,Western Cape Pharmacy Network List,2024-07-15,14,verified,true
310999,Clicks Pharmacy Paarl,PAARL,PAARL,"20 LADY GREY STREET, PAARL",021 8722291,WESTERN CAPE,-33.735988,18.9608,town,Western Cape Pharmacy Network List,2024-07-15,14,verified,true
192910,Klein Panorama Pharmacy,PANORAMA,PANORAMA,"CNR PRESIDENT SWART & HAYDEN, STREET, PANORAMA",021 9306360,WESTERN CAPE,,,unknown,Western Cape Pharmacy Network List,2024-07-15,14,needs_location_review,true
192929,Panorama Pharmacy & Medicine Dep,PANORAMA,PANORAMA,"SONNEDAL CENTRE, UYS KRIGE DRIVE, PANORAMA",021 9302916,WESTERN CAPE,,,unknown,Western Cape Pharmacy Network List,2024-07-15,14,needs_location_review,true
258695,Medicare Panorama,PANORAMA,PANORAMA,"SHOP 12 DELMAR CENTRE, ROTHSCHILD BOULEVARD",021 9302590,WESTERN CAPE,,,unknown,Western Cape Pharmacy Network List,2024-07-15,14,needs_location_review,true
117064,Parklands Piazza Pharmacy,PARKLANDS,PARKLANDS,"SHOP 3 PIAZZA CENTRE, CNR PARK & LINK ROAD, PARKLANDS",021 5561190,WESTERN CAPE,,,unknown,Western Cape Pharmacy Network List,2024-07-15,14,needs_location_review,true
733415,Clicks Pharmacy Parklands Juncti,PARKLANDS,PARKLANDS,"SHOP 8-10 PARKLANDS JUNCTION, PARKLANDS MAIN ROAD, PARKLANDS",021 5575004,WESTERN CAPE,,,unknown,Western Cape Pharmacy Network List,2024-07-15,14,needs_location_review,true
457663,Medirite Pharmacy - Mh Parklands,PARKLANDS,PARKLANDS,"CHECKERS HYPER SANDOWN CENTRE, CNR WOOD DRIVE & SANDOWN ROAD, PARKLANDS",021 5541517,WESTERN CAPE,,,unknown,Western Cape Pharmacy Network List,2024-07-15,14,needs_location_review,true
707457,Pick'N Pay Pharmacy Table Bay Ma,PARKLANDS,PARKLANDS,"SHOP G002 TABLE BAY SHOPPING, MALL CNR R27 & SUNNINGDALE ROAD",021 2850570,WESTERN CAPE,,,unknown,Western Cape Pharmacy Network List,2024-07-15,14,needs_location_review,true
217859,Sanlam Centre Parow East Clicks,PAROW,PAROW,"SHOP 13 & 14 SANLAM CENTRE, VOORTREKKER ROAD, PAROW",021 9309838,WESTERN CAPE,-33.907494,18.598012,town,Western Cape Pharmacy Network List,2024-07-15,14,verified,true
101265,Parow Family Pharmacy,PAROW,PAROW,"CNR JAN VAN RIEBEECK DRIVE &, VOORTREKKER ROAD, PAROW",021 9399000,WESTERN CAPE,-33.903306,18.593635,town,Western Cape Pharmacy Network List,2024-07-15,14,verified,true
6001246,C A Faull Pharmacy,PAROW,PAROW,"SHOP 1 FAULLS BUILDING, 169 VOORTREKKER ROAD, PAROW",021 9392120,WESTERN CAPE,-33.906435,18.594576,town,Western Cape Pharmacy Network List,2024-07-15,14,verified,true
493171,Medirite Pharmacy - Parow Park,PAROW,PAROW,"SHOPRITE PARK CNR VOORTREKKER, ROAD & JEAN SIMONIS STREET, PAROW",021 9301535,WESTERN CAPE,-33.9074,18.593165,town,Western Cape Pharmacy Network List,2024-07-15,14,verified,true
6072658,Pharmacross Parow Dispensary,PAROW,PAROW,8 MCINTYRE STREET,021 9367335,WESTERN CAPE,-33.906741,18.595776,town,Western Cape Pharmacy Network List,2024-07-15,14,verified,true
727350,Clicks Pharmacy - Mcintyre Road,PAROW,PAROW,"8 MCINTYRE ROAD, CNR MCINTYRE & VOORTREKKER RD",086 0254257,WESTERN CAPE,-33.904176,18.595988,town,Western Cape Pharmacy Network List,2024-07-15,14,verified,true
153141,Medirite Pharmacy - Parow,PAROW,PAROW,"CHECKERS HYPER SANLAM CENTRE, CNR VOORTREKKER ROAD & DE LA REY, STREET",021 9391615,WESTERN CAPE,-33.903,18.594953,town,Western Cape Pharmacy Network List,2024-07-15,14,verified,true
834068,Dis-Chem Parow Centre Pharmacy,PAROW EAST,PAROW EAST,"SHOP F1-F9 PAROW CENTRE CNR DE, LA REY STREET & VOORTREKKER ROAD, PAROW EAST",021 5410160,WESTERN CAPE,,,unknown,Western Cape Pharmacy Network List,2024-07-15,14,needs_location_review,true
6082955,Valley Pharmacy,PAROW VALLEY,PAROW VALLEY,"110 MARKET STREET, PAROW VALLEY",021 9330533,WESTERN CAPE,,,unknown,Western Cape Pharmacy Network List,2024-07-15,14,needs_location_review,true
796727,Clicks Pharmacy - The Junction,PHILIPPI,PHILIPPI,"SHOP 21 THE JUNCTION MALL CNR, GOVAN MBEKI & NEW EISLEBEN ROAD, PHILIPPI",021 3705449,WESTERN CAPE,-34.010459,18.550035,town,Western Cape Pharmacy Network List,2024-07-15,14,verified,true
434752,Medi-Rite Pharmacy Philippi,PHILIPPI,PHILIPPI,"SHOP 1A SHOPRITE CENTRE CNR, GOVAN MBEKI ROAD & NEW EISLEBEN, PHILIPPI",021 3719157,WESTERN CAPE,-34.008271,18.548247,town,Western Cape Pharmacy Network List,2024-07-15,14,verified,true
886319,Clicks Pharmacy Bridge City,PHOENIX INDUSTRIAL,PHOENIX INDUSTRIAL,SHOP L87 BRIDGE CITY MALL,021 4601555,WESTERN CAPE,,,unknown,Western Cape Pharmacy Network List,2024-07-15,14,needs_location_review,true
762784,Clicks Pharmacy Picketberg,PIKETBERG,PIKETBERG,"SHOP 11 PIKETBERG MALL, LONG STREET, PIKETBERG",022 9131397,WESTERN CAPE,,,unknown,Western Cape Pharmacy Network List,2024-07-15,14,needs_location_review,true
776122,Dis-Chem Mutual Park Pharmacy,PINELANDS,PINELANDS,"SHOP 15 - 16 WEST END MALL, JAN SMUTS DRIVE, PINELANDS",021 1006222,WESTERN CAPE,-33.933718,18.510294,town,Western Cape Pharmacy Network List,2024-07-15,14,verified,true
358959,Mutual Park Pharmacy,PINELANDS,PINELANDS,"SHOP 15 WEST END MALL, JAN SMUTS DRIVE",021 5314858,WESTERN CAPE,-33.930235,18.512012,town,Western Cape Pharmacy Network List,2024-07-15,14,verified,true
700991,Clicks Pharmacy - Meller Road,PINETOWN,PINETOWN,CNR OLD MAIN & MELLER ROAD,086 0254257,WESTERN CAPE,,,unknown,Western Cape Pharmacy Network List,2024-07-15,14,needs_location_review,true
6077722,Vitacare Pharmacy - Plattekloof,PLATTEKLOOF,PLATTEKLOOF,"SHOP 2 PLATTEKLOOF CENTRE CNR, OLIEHOUT AVENUE & PLATTEKLOOF, ROAD",021 9111044,WESTERN CAPE,,,unknown,Western Cape Pharmacy Network List,2024-07-15,14,needs_location_review,true
264083,Pick 'N Pay Pharmacy - Platteklo,PLATTEKLOOF,PLATTEKLOOF,"SHOP NO 10 - 22 PLATTEKLOOF, VILLAGE CENTRE CNR PLATTEKLOOF, ROAD & GERT VAN ROOYEN AVENUE",021 5580219,WESTERN CAPE,,,unknown,Western Cape Pharmacy Network List,2024-07-15,14,needs_location_review,true
6067549,Robberg Pharmacy,PLETTENBERG BAY,PLETTENBERG BAY,"SHOP 2 BEACON ISLAND CENTRE, BEACON ISLE DRIVE, PLETTENBERG BAY",044 5014630,WESTERN CAPE,-34.054271,23.369506,town,Western Cape Pharmacy Network List,2024-07-15,14,verified,true
6043992,Plett Medisyn Depot,PLETTENBERG BAY,PLETTENBERG BAY,"SHOP 12A ATMAR CENTRE, 11 HIGH STREET, PLETTENBERG BAY",044 5332278,WESTERN CAPE,-34.053776,23.373459,town,Western Cape Pharmacy Network List,2024-07-15,15,verified,true
434418,Clicks Pharmacy - Plettenberg Ba,PLETTENBERG BAY,PLETTENBERG BAY,"SHOP DL 20 THE MARKET SQUARE, BEACON WAY, PLETTENBERG BAY",044 5332985,WESTERN CAPE,-34.053894,23.370071,town,Western Cape Pharmacy Network List,2024-07-15,15,verified,true
316997,Plettenberg Bay Clicks Pharmacy,PLETTENBERG BAY,PLETTENBERG BAY,"SHOP 2 & 3 MELLVILLE'S CORNER, CENTRE CNR KLOOF & MAIN STREET, PLETTENBERG BAY",044 5333371,WESTERN CAPE,-34.049447,23.373812,town,Western Cape Pharmacy Network List,2024-07-15,15,verified,true
174831,Klinicare Plettenberg Bay Pharma,PLETTENBERG BAY,PLETTENBERG BAY,"SHOP 3 YELLOW WOODS CENTRE, MAIN STREET, PLETTENBERG BAY",044 5331370,WESTERN CAPE,-34.052247,23.371765,town,Western Cape Pharmacy Network List,2024-07-15,15,verified,true
132977,Prospur Pharmacy,PLUMSTEAD,PLUMSTEAD,"PROSPUR SHOPPING CENTRE, 76 CHURCHILL ROAD, PLUMSTEAD",021 7975386,WESTERN CAPE,-34.019576,18.474459,town,Western Cape Pharmacy Network List,2024-07-15,15,verified,true
879606,Dis-Chem Constantiaberg Pharmacy,PLUMSTEAD,PLUMSTEAD,"GROUND FLOOR MEDICLINIC, CONSTANTIABERG BURNHAM ROAD, PLUMSTEAD",021 5410166,WESTERN CAPE,-34.020024,18.469235,town,Western Cape Pharmacy Network List,2024-07-15,15,verified,true
1097903,Urban Health Pharmacy,PLUMSTEAD,PLUMSTEAD,"113 MAIN RD, PLUMSTEAD",021 7614121,WESTERN CAPE,-34.020141,18.472271,town,Western Cape Pharmacy Network List,2024-07-15,15,verified,true
1139940,Dupharma Plumstead,PLUMSTEAD,PLUMSTEAD,"SHOP 20A PICK N PAY CENTRE, 26 GABRIEL ROAD, PLUMSTEAD",,WESTERN CAPE,-34.017953,18.474435,town,Western Cape Pharmacy Network List,2024-07-15,15,verified,true
436909,Clicks Pharmacy - Ashers,PLUMSTEAD,PLUMSTEAD,"ASHERS BUILDING, 171 MAIN ROAD, PLUMSTEAD",021 7975094,WESTERN CAPE,-34.019459,18.470671,town,Western Cape Pharmacy Network List,2024-07-15,15,verified,true
607614,Webb and Savoy Pharmacy,PLUMSTEAD,PLUMSTEAD,"8 GABRIEL ROAD, PLUMSTEAD",021 6898923,WESTERN CAPE,-34.021459,18.472459,town,Western Cape Pharmacy Network List,2024-07-15,15,verified,true
676438,Clicks Pharmacy Prosper,PLUMSTEAD,PLUMSTEAD,"PROSPUR SHOPPING CENTRE, 76 CHURCHILL ROAD",021 4601089,WESTERN CAPE,-34.017153,18.472129,town,Western Cape Pharmacy Network List,2024-07-15,15,verified,true
6077862,Disa-Med Pharmacy Pietersburg,POLOKWANE,POLOKWANE,CNR. THABO MBEKI STREET & BURGER,015 2903875,WESTERN CAPE,,,unknown,Western Cape Pharmacy Network List,2024-07-15,15,needs_location_review,true
698687,Clicks Pharmacy - Westering,PORT ELIZABETH,PORT ELIZABETH,541 CAPE ROAD,086 0254257,WESTERN CAPE,,,unknown,Western Cape Pharmacy Network List,2024-07-15,15,needs_location_review,true
727377,Clicks Pharmacy - Buffelsfontein,PORT ELIZABETH,PORT ELIZABETH,CNR. 17TH AVENUE & BUFFELSFONTEI,086 0254254,WESTERN CAPE,,,unknown,Western Cape Pharmacy Network List,2024-07-15,15,needs_location_review,true
773670,Clicks Pharmacy-Summerstrand,PORT ELIZABETH,PORT ELIZABETH,"SHOP 19 SUMMERSTRAND VILLAGE, 8TH AVENUE",021 4601555,WESTERN CAPE,,,unknown,Western Cape Pharmacy Network List,2024-07-15,15,needs_location_review,true
6038867,Porterville Pharmacy,PORTERVILLE,PORTERVILLE,"PORTERVILLE HEALTHCARE CENTRE, 41 VOORTREKKER STREET",022 9312121,WESTERN CAPE,,,unknown,Western Cape Pharmacy Network List,2024-07-15,15,needs_location_review,true
6068650,Pharmacor Potchefstroom Pharm,POTCHEFSTROOM,POTCHEFSTROOM,66 MEYER STREET,018 2975694,WESTERN CAPE,,,unknown,Western Cape Pharmacy Network List,2024-07-15,15,needs_location_review,true
690961,Clicks Pharmacy - Pretoria Wes,PRETORIA WEST,PRETORIA WEST,551 WF NKOMO STREET,021 4601089,WESTERN CAPE,,,unknown,Western Cape Pharmacy Network List,2024-07-15,15,needs_location_review,true
119709,Prins-Kem Pharmacy,PRINCE ALBERT,PRINCE ALBERT,"83 CHURCH STREET, PRINCE ALBERT",023 5411058,WESTERN CAPE,,,unknown,Western Cape Pharmacy Network List,2024-07-15,15,needs_location_review,true
838020,Bolze'S Pharmacy,QUEENSTOWN,QUEENSTOWN,"N B S CENTRE, 11 ROBINSON ROAD",044 6981093,WESTERN CAPE,,,unknown,Western Cape Pharmacy Network List,2024-07-15,15,needs_location_review,true
6049184,Sonday`S Pharmacy,RAVENSMEAD,RAVENSMEAD,68 FLORIDA STREET,021 9313256,WESTERN CAPE,,,unknown,Western Cape Pharmacy Network List,2024-07-15,15,needs_location_review,true
6039014,Medicare Pharmacy,RETREAT,RETREAT,"ALLPARK BUILDING, RETREAT ROAD, RETREAT",021 7128689,WESTERN CAPE,,,unknown,Western Cape Pharmacy Network List,2024-07-15,15,needs_location_review,true
1061658,Surge Pharmacy,RETREAT,RETREAT,"SHOP 2, 41 RETREAT ROAD, CAFDA",021 7055313,WESTERN CAPE,,,unknown,Western Cape Pharmacy Network List,2024-07-15,15,needs_location_review,true
6076041,Medi-Dal Apteek,RIVERSDALE,RIVERSDALE,"CNR DICKSON & BARRY STREET, RIVERSDALE",028 7132652,WESTERN CAPE,-34.094588,21.263153,town,Western Cape Pharmacy Network List,2024-07-15,15,verified,true
256382,Riversdale Pharmacy,RIVERSDALE,RIVERSDALE,"44 CHURCH STREET, RIVERSDALE",028 7131089,WESTERN CAPE,-34.097976,21.262212,town,Western Cape Pharmacy Network List,2024-07-15,15,verified,true
6006329,Robertson Pharmacy,ROBERTSON,ROBERTSON,"68 KERK STREET, ROBERTSON",023 6263031,WESTERN CAPE,-33.801694,19.886,town,Western Cape Pharmacy Network List,2024-07-15,15,verified,true
6041337,Wynland Apteek,ROBERTSON,ROBERTSON,"ROBERTSON MALL, 49 VAN REENEN STREET, ROBERTSON",023 6264336,WESTERN CAPE,-33.805388,19.887553,town,Western Cape Pharmacy Network List,2024-07-15,15,verified,true
813265,Clicks Pharmacy Robertson,ROBERTSON,ROBERTSON,"SHOP 22 ROBERTSON CORNER CNR, JOHAN DE JONGRY LANE & KERK, ROBERTSON",,WESTERN CAPE,-33.801953,19.887176,town,Western Cape Pharmacy Network List,2024-07-15,15,verified,true
1035673,Roodesquare Pharmacy,ROBERTSON,ROBERTSON,"CAREWELL ROBERTSON MEDICAL, CENTRE 10 JOHAN DE JONGRY LANE, ROBERTSON",028 0502266,WESTERN CAPE,-33.803341,19.886212,town,Western Cape Pharmacy Network List,2024-07-15,15,verified,true
335622,Clicks Pharmacy Robertson,ROBERTSON,ROBERTSON,"SHOP 16 ROBERTSON LIFESTYLE, CENTRE 68 CNR PROVINCIAL ROAD &, PAUL KRUGER STREET",023 6265621,WESTERN CAPE,-33.801129,19.883953,town,Western Cape Pharmacy Network List,2024-07-15,16,verified,true
432598,R M C Pharmacy,RONDEBOSCH,RONDEBOSCH,"PEKBRO HOUSE, KLIPFONTEIN ROAD",021 6805920,WESTERN CAPE,-33.965306,18.4774,town,Western Cape Pharmacy Network List,2024-07-15,16,verified,true
6081266,Rondebosch East Pharmacy,RONDEBOSCH EAST,RONDEBOSCH EAST,"WILLOMEAD MEDICAL CENTRE 88 CNR, KROMBOOM ROAD & 3RD AVENUE, RONDEBOSCH EAST",021 6968571,WESTERN CAPE,,,unknown,Western Cape Pharmacy Network List,2024-07-15,16,needs_location_review,true
823805,Clicks Pharmacy Magalies View,RUSTENBURG,RUSTENBURG,"FUTURE SHOP 8, MAGALIES VIEW CENTRE, CNR MARLIN & KORONKO STREETS",021 4601911,WESTERN CAPE,,,unknown,Western Cape Pharmacy Network List,2024-07-15,16,needs_location_review,true
695742,Clicks Pharmacy - Rustenburg Med,RUSTENBURG,RUSTENBURG,CNR PRESIDENT MBEKI & VON WEILLI,,WESTERN CAPE,,,unknown,Western Cape Pharmacy Network List,2024-07-15,16,needs_location_review,true
6045901,Firkem Pharmacy,RYLANDS EST,RYLANDS EST,"111 REPULSE ROAD, RYLANDS EST",021 6911142,WESTERN CAPE,,,unknown,Western Cape Pharmacy Network List,2024-07-15,16,needs_location_review,true
6002250,Uni-Kem Pharmacy,RYLANDS EST,RYLANDS EST,"BREYS BUILDING, 364 KLIPFONTEIN ROAD, RYLANDS EST",021 6379036,WESTERN CAPE,,,unknown,Western Cape Pharmacy Network List,2024-07-15,16,needs_location_review,true
388599,Saldanha Pharmacy,SALDANHA,SALDANHA,"70 SALDANHA ROAD, SALDANHA",022 7142201,WESTERN CAPE,,,unknown,Western Cape Pharmacy Network List,2024-07-15,16,needs_location_review,true
710342,Dis-Chem Hermanus Pharmacy,SANDBAAI,SANDBAAI,"SHOP 72 WHALE COAST MALL, R43, SANDBAAI",028 0502189,WESTERN CAPE,,,unknown,Western Cape Pharmacy Network List,2024-07-15,16,needs_location_review,true
6046339,Morninghill Pharmacy,SANDOWN EXT 24,SANDOWN EXT 24,"MORNINGSIDE MEDICLINIC, CNR. HILL ROAD & RIVONIA ROAD",0111 2825100,WESTERN CAPE,,,unknown,Western Cape Pharmacy Network List,2024-07-15,16,needs_location_review,true
1134604,Clicks Pharmacy Barlow Park Life,SANDTON,SANDTON,"SHOP 3 BARLOW PARK LIFESTYLE CEN, CNR KATHERINE & HARRIS STREET",,WESTERN CAPE,,,unknown,Western Cape Pharmacy Network List,2024-07-15,16,needs_location_review,true
232637,Medirite Pharmacy - Sea Point,SEA POINT,SEA POINT,"THE POINT CENTRE, CNR REGENT & ST ANDREWS ROAD, SEA POINT",021 4349655,WESTERN CAPE,,,unknown,Western Cape Pharmacy Network List,2024-07-15,16,needs_location_review,true
6002501,Petries Pharmacy,SEA POINT,SEA POINT,"13 REGENT ROAD, SEA POINT",021 4341858,WESTERN CAPE,,,unknown,Western Cape Pharmacy Network List,2024-07-15,16,needs_location_review,true
510114,Dis-Chem Sea Point Pharmacy,SEA POINT,SEA POINT,"THE POINT MALL SHOPPING CENTRE, 76 REGENT ROAD, SEA POINT",021 4302100,WESTERN CAPE,,,unknown,Western Cape Pharmacy Network List,2024-07-15,16,needs_location_review,true
6038611,Sedgefield Pharmacy,SEDGEFIELD,SEDGEFIELD,"SHOP 1, MAIN SERVICE ROAD, SEDGEFIELD",044 3431628,WESTERN CAPE,,,unknown,Western Cape Pharmacy Network List,2024-07-15,16,needs_location_review,true
1169009,Sedgefield Pharmacy,SEDGEFIELD,SEDGEFIELD,"WOODPECKER MALL, 49 MAIN STREET",044 3431628,WESTERN CAPE,,,unknown,Western Cape Pharmacy Network List,2024-07-15,16,needs_location_review,true
692638,Clicks Pharmacy - Pearce Road,SELBORNE,SELBORNE,CNR MARLBOROUGH AND LUKIN STREET,086 0254257,WESTERN CAPE,,,unknown,Western Cape Pharmacy Network List,2024-07-15,16,needs_location_review,true
6072674,Pharmacross Silverton Dispensary,SILVERTON,SILVERTON,310 PRETORIA STREET,086 0254257,WESTERN CAPE,,,unknown,Western Cape Pharmacy Network List,2024-07-15,16,needs_location_review,true
6082831,Heldervue Pharmacy,SOMERSET WEST,SOMERSET WEST,"HELDERVIEW SHOPPING CENTRE, CNR ABELIA & CYNAROIDES STREET, SOMERSET WEST",021 8551260,WESTERN CAPE,-34.078341,18.844659,town,Western Cape Pharmacy Network List,2024-07-15,16,verified,true
6037305,Helderzicht Pharmacy,SOMERSET WEST,SOMERSET WEST,"SHOP 111 LION SQUARE, 150 MAIN ROAD, SOMERSET WEST",021 8516246,WESTERN CAPE,-34.073635,18.844894,town,Western Cape Pharmacy Network List,2024-07-15,16,verified,true
357731,Medirite Pharmacy - Vineyard,SOMERSET WEST,SOMERSET WEST,"SHOPRITE VINEYARD CNR ANDRIES, PRETORIUS & CHURCH STREET, SOMERSET WEST",021 8512813,WESTERN CAPE,-34.074176,18.841059,town,Western Cape Pharmacy Network List,2024-07-15,16,verified,true
207578,Arcade Pharmacy,SOMERSET WEST,SOMERSET WEST,"OUDE HUIS CENTRE, 122 MAIN ROAD, SOMERSET WEST",021 8517130,WESTERN CAPE,-34.078459,18.845553,town,Western Cape Pharmacy Network List,2024-07-15,16,verified,true
235555,Waterstone Alpha Pharmacy,SOMERSET WEST,SOMERSET WEST,"SHOP 12A WATERSTONE VILLAGE, CNR R44 & MAIN ROAD, SOMERSET WEST",021 8520186,WESTERN CAPE,-34.074835,18.845576,town,Western Cape Pharmacy Network List,2024-07-15,16,verified,true
6080650,Circle Apteek,SOMERSET WEST,SOMERSET WEST,"SHOP 22-25 CIRCLE CENTRE, MAIN ROAD, SOMERSET WEST",021 8512600,WESTERN CAPE,-34.078506,18.845741,town,Western Cape Pharmacy Network List,2024-07-15,16,verified,true
6047106,Cylnor Pharmacy,SOMERSET WEST,SOMERSET WEST,"SHOP 2 & 3 CYLNOR CENTRE CNR, OLD STELLENBOSCH & HELDERBERG, COLLEGE ROAD",021 8553220,WESTERN CAPE,-34.078388,18.844518,town,Western Cape Pharmacy Network List,2024-07-15,16,verified,true
6074057,Pharmcor Vergelegen Pharmacy,SOMERSET WEST,SOMERSET WEST,MAIN ROAD,021 8509012/3,WESTERN CAPE,-34.073682,18.843435,town,Western Cape Pharmacy Network List,2024-07-15,16,verified,true
1163345,Medirite Plus Pharmacy - Paardev,SOMERSET WEST,SOMERSET WEST,"CNR WR QUINAN BOULEVARD, AND GARDNER WILLIAMS AVENUE",,WESTERN CAPE,-34.077588,18.842918,town,Western Cape Pharmacy Network List,2024-07-15,16,verified,true
740306,Clicks Pharmacy Sanctuary,SOMERSET WEST,SOMERSET WEST,"SHOP G10, THE SANCTUARY AVE & R44",021 4601900,WESTERN CAPE,-34.076976,18.845906,town,Western Cape Pharmacy Network List,2024-07-15,17,verified,true
582751,Clicks Pharmacy Vergelegen Plein,SOMERSET WEST,SOMERSET WEST,"SHOP 6 VERGELEGEN PLEIN CNR, BIZWENI AVENUE &SIR LOWRY'S PASS, ROAD",021 8510729,WESTERN CAPE,-34.078506,18.844706,town,Western Cape Pharmacy Network List,2024-07-15,17,verified,true
319074,Clicks Pharmacy - Soneike,SONEIKE,SONEIKE,"SHOP 28 LEVEL 1 SONEIKE, SHOPPING CENTRE CNR BOTTELARY &, AMANDEL ROAD",021 9032386,WESTERN CAPE,,,unknown,Western Cape Pharmacy Network List,2024-07-15,17,needs_location_review,true
303739,Clicks Pharmacy - Cobble Walk,SONSTRAAL,SONSTRAAL,"SHOP 55 COBBLE WALK SHOPPING, CENTRE CNR DE VILLIERS & VERDI, BOULEVARD",021 9794260,WESTERN CAPE,,,unknown,Western Cape Pharmacy Network List,2024-07-15,17,needs_location_review,true
739286,Clicks Pharmacy - Soshanguve Pla,SOSHANGUVE,SOSHANGUVE,"SHOP 5, BUITENKANT STREET, SOSHANGUVE PLAZA",021 4601911,WESTERN CAPE,,,unknown,Western Cape Pharmacy Network List,2024-07-15,17,needs_location_review,true
6037011,Stellenberg Pharmacy,STELLENBERG,STELLENBERG,"SHOP 3 STELLENBERG CENTRE, CNR REIGER & HAARLEM ROAD, STELLENBERG",021 9193520,WESTERN CAPE,,,unknown,Western Cape Pharmacy Network List,2024-07-15,17,needs_location_review,true
6079946,Stelkor Pharmacy,STELLENBOSCH,STELLENBOSCH,"STELKOR MEDICAL CENTRE, 3 PIET RETIEF STREET, STELLENBOSCH",021 8833162,WESTERN CAPE,-33.929471,18.860106,town,Western Cape Pharmacy Network List,2024-07-15,17,verified,true
6083366,Medi-Health Pharmacy,STELLENBOSCH,STELLENBOSCH,"SHOP 9 CHECKERS MALL, CNR DORP & MILL STREET, STELLENBOSCH",021 8832360,WESTERN CAPE,-33.930106,18.861894,town,Western Cape Pharmacy Network List,2024-07-15,17,verified,true
6068278,Die Boord Apteek,STELLENBOSCH,STELLENBOSCH,"SHOP 14 DIE BOORD SHOPPING, CENTRE 28-30 SAFFRAAN AVENUE, STELLENBOSCH",021 8879400,WESTERN CAPE,-33.930035,18.859094,town,Western Cape Pharmacy Network List,2024-07-15,17,verified,true
921300,Dis-Chem Die Boord Pharmacy,STELLENBOSCH,STELLENBOSCH,"DIE BOORD WINKELSENTRUM, DIE BOORD STRAAT",010 5892200,WESTERN CAPE,-33.929094,18.859094,town,Western Cape Pharmacy Network List,2024-07-15,17,verified,true
1175807,Welgevonden Pharmacy,STELLENBOSCH,STELLENBOSCH,"SHOP 8 STONE SQUARE, CNR R44 HENDRICKSE STREETS, WELGEVONDEN",021 8897222,WESTERN CAPE,-33.931541,18.860812,town,Western Cape Pharmacy Network List,2024-07-15,17,verified,true
555231,Stelkor Kampus Pharmacy,STELLENBOSCH,STELLENBOSCH,"NEELSIE STUDENT CENTRE, 8 DE BEER ROAD, STELLENBOSCH",021 8872725,WESTERN CAPE,-33.932106,18.861565,town,Western Cape Pharmacy Network List,2024-07-15,17,verified,true
555282,Simonsrust Pharmacy,STELLENBOSCH,STELLENBOSCH,"SHOP 6B SIMONSRUST SHOPPING, CENTRE CNR CLUVER & HELSHOOGTE, STELLENBOSCH",021 8870018,WESTERN CAPE,-33.933612,18.858647,town,Western Cape Pharmacy Network List,2024-07-15,17,verified,true
606049,Pharmacy At Spar Welgevonden,STELLENBOSCH,STELLENBOSCH,"SHOP 8 STONE SQUARE, CNR R44 & HENDRIKSE ROAD, STELLENBOSCH",021 8897222,WESTERN CAPE,-33.931706,18.859847,town,Western Cape Pharmacy Network List,2024-07-15,17,verified,true
396427,Clicks Pharmacy Stellenbosch,STELLENBOSCH,STELLENBOSCH,"SHOPS 44-46 STELLENBOSCH SQUARE, CENTRE CNR R44 & WEBERSVALLEI, ROAD",021 8801965,WESTERN CAPE,-33.929894,18.860718,town,Western Cape Pharmacy Network List,2024-07-15,17,verified,true
44822,Trust-Kem Pharmacy,STELLENBOSCH,STELLENBOSCH,"1ST FLOOR SHOP 131 EIKESTAD, MALL 43 ANDRINGA STREET, STELLENBOSCH",021 8872939,WESTERN CAPE,-33.932035,18.857,town,Western Cape Pharmacy Network List,2024-07-15,17,verified,true
6041663,Stilbaai Pharmacy,STILBAAI,STILBAAI,"ATTIE NEL BUILDING, CNR MAIN ROAD WEST & VOORTREKKER",028 7541436,WESTERN CAPE,,,unknown,Western Cape Pharmacy Network List,2024-07-15,17,needs_location_review,true
6072828,Fynbos Pharmacy,STILL BAY,STILL BAY,"SHOP 1 FYNBOS CENTRE, MAIN ROAD, STILL BAY WEST",028 7541860,WESTERN CAPE,,,unknown,Western Cape Pharmacy Network List,2024-07-15,17,needs_location_review,true
6046681,Goedehoop Pharmacy,STRAND,STRAND,"GOEDEHOOP CENTRE, 10 BROADWAY BOULEVARD, STRAND",021 8532088,WESTERN CAPE,-34.104988,18.830035,town,Western Cape Pharmacy Network List,2024-07-15,17,verified,true
6063934,Vitacare Greenways Pharmacy,STRAND,STRAND,"SHOP 10 SOUTHSIDE SHOPPING, CENTRE 38A GORDON'S BAY DRIVE, STRAND",021 8532583,WESTERN CAPE,-34.104494,18.828247,town,Western Cape Pharmacy Network List,2024-07-15,17,verified,true
474622,Medirite Pharmacy Broadway,STRAND,STRAND,"CNR BROADWAY BOULEVARD &, ONVERWACHT STREET, STRAND",021 8545475,WESTERN CAPE,-34.106871,18.8286,town,Western Cape Pharmacy Network List,2024-07-15,17,verified,true
582786,Clicks Pharmacy Strand Square,STRAND,STRAND,"SHOP 6 STRAND SQUARE SHOPPING, CENTRE FAGAN STREET, STRAND",021 8544112,WESTERN CAPE,-34.105412,18.829824,town,Western Cape Pharmacy Network List,2024-07-15,17,verified,true
601942,Pharma-Kem Pharmacy,STRAND,STRAND,"40 FAGAN STREET, STRAND",021 8544456,WESTERN CAPE,-34.108565,18.827635,town,Western Cape Pharmacy Network List,2024-07-15,17,verified,true
6077390,Pharma-Kem Pharmacy,STRAND,STRAND,"SHOP 1 PICK N PAY DORPSMEENT, CNR FAGAN & MAIN ROAD",021 8544456,WESTERN CAPE,-34.107294,18.825071,town,Western Cape Pharmacy Network List,2024-07-15,17,verified,true
494291,Clicks Pharmacy Cinnamon Square,STRAND,STRAND,"SHOP 10 CINNAMON SQUARE, SHOPPING CENTRE CNR FAURE MARINE, DRIVE & RUSTHOF STREET",021 8545468,WESTERN CAPE,-34.104212,18.825871,town,Western Cape Pharmacy Network List,2024-07-15,17,verified,true
233269,Cronmed Pharmacy,STRAND,STRAND,MEDSAC 2 FIJNBOS CLOSE,021 8547021,WESTERN CAPE,-34.104541,18.825141,town,Western Cape Pharmacy Network List,2024-07-15,17,verified,true
6061842,Wavecrest Pharmacy,STRANDFONTEIN,STRANDFONTEIN,"SHOP 4 WAVECREST PLAZA, BENGUELA STREET, STRANDFONTEIN",021 3933840,WESTERN CAPE,,,unknown,Western Cape Pharmacy Network List,2024-07-15,17,needs_location_review,true
66281,Struisbaai Pharmacy,STRUIS BAY,STRUIS BAY,15 MALVERN DRIVE,028 4356913,WESTERN CAPE,,,unknown,Western Cape Pharmacy Network List,2024-07-15,17,needs_location_review,true
611743,Dis-Chem Noordhoek Pharmacy,SUN VALLEY,SUN VALLEY,"SHOP 15 SUN VALLEY MALL CNR OU, KAAPSE WEG & NOORDHOEK MAIN ROAD, SUN VALLEY",021 7844400,WESTERN CAPE,,,unknown,Western Cape Pharmacy Network List,2024-07-15,17,needs_location_review,true
220744,Long Beach Mall Clicks Pharmacy,SUN VALLEY,SUN VALLEY,"SHOP G15 LONG BEACH MALL CNR, BULLER LOUW DRIVE & SUNNYDALE, ROAD",021 7854115,WESTERN CAPE,,,unknown,Western Cape Pharmacy Network List,2024-07-15,18,needs_location_review,true
41394,Sun Valley No 2 Pharmacy,SUN VALLEY,SUN VALLEY,"SHOP G68 LONGBEACH MALL, LONG BEACH",021 7853470,WESTERN CAPE,,,unknown,Western Cape Pharmacy Network List,2024-07-15,18,needs_location_review,true
252743,Netcare Blaauwberg Pharmacy,SUNNINGDALE,SUNNINGDALE,WATERVILLE CRESCENT,021 5549100,WESTERN CAPE,,,unknown,Western Cape Pharmacy Network List,2024-07-15,18,needs_location_review,true
267414,Clicks Pharmacy - Westcoast Vill,SUNNINGDALE,SUNNINGDALE,"SHOP 16 WEST COAST VILLAGE, SHOPPING CENTRE CNR WEST COAST &, SANDOWN ROAD",021 5545758,WESTERN CAPE,,,unknown,Western Cape Pharmacy Network List,2024-07-15,18,needs_location_review,true
6065430,Cara S Pharmacy,SURREY EST,SURREY EST,"129 COMET ROAD, SURREY EST",021 6386595,WESTERN CAPE,,,unknown,Western Cape Pharmacy Network List,2024-07-15,18,needs_location_review,true
6080855,Chavda`S Pharmacy,SURREY EST,SURREY EST,"4 PLUTO ROAD, SURREY EST",021 6372953,WESTERN CAPE,,,unknown,Western Cape Pharmacy Network List,2024-07-15,18,needs_location_review,true
6080782,Swellendam Pharmacy,SWELLENDAM,SWELLENDAM,"45 VOORTREK STREET, SWELLENDAM",028 5141430,WESTERN CAPE,-34.022118,20.440624,town,Western Cape Pharmacy Network List,2024-07-15,18,verified,true
6080790,Protea Pharmacy,SWELLENDAM,SWELLENDAM,"2 EIKE MEDICAL CENTRE, 140 VOORTREK STREET, SWELLENDAM",028 5142020,WESTERN CAPE,-34.024706,20.440412,town,Western Cape Pharmacy Network List,2024-07-15,18,verified,true
471429,Clicks Pharmacy Swellendam,SWELLENDAM,SWELLENDAM,"SHOP 9 SWELLEN MARK, 45 VOORTREK STREET, SWELLENDAM",028 5142590,WESTERN CAPE,-34.023318,20.439894,town,Western Cape Pharmacy Network List,2024-07-15,18,verified,true
83054,Seaside Pharmacy,TABLE VIEW,TABLE VIEW,"SHOP 3 NORTH POINT CENTRE CNR, MARINE CIRCLE & PORTERFIELD ROAD, TABLE VIEW",021 5563950,WESTERN CAPE,,,unknown,Western Cape Pharmacy Network List,2024-07-15,18,needs_location_review,true
6081568,Merlot Pharmacy,TABLE VIEW,TABLE VIEW,"SHOP 1 MERLOT PARK, CNR MERLOT & JANSSENS AVENUE, TABLE VIEW",021 5570849,WESTERN CAPE,,,unknown,Western Cape Pharmacy Network List,2024-07-15,18,needs_location_review,true
692840,Clicks Pharmacy -Blaauwberg,TABLE VIEW,TABLE VIEW,"95 BLAAUWBERG ROAD, TABLE VIEW",021 5211050,WESTERN CAPE,,,unknown,Western Cape Pharmacy Network List,2024-07-15,18,needs_location_review,true
707554,Clicks Pharmacy - Table Bay Mall,TABLE VIEW,TABLE VIEW,"SHOP G78 TABLE BAY MALL, CNR R27 & BERKSHIRE BOULEVARD, TABLE VIEW",021 5218500,WESTERN CAPE,,,unknown,Western Cape Pharmacy Network List,2024-07-15,18,needs_location_review,true
471410,Clicks Pharmacy Flamingo Square,TABLE VIEW,TABLE VIEW,"SHOP 15 FLAMINGO SQUARE, SHOPPING CENTRE BLAAUWBERG ROAD, TABLE VIEW",021 5565513,WESTERN CAPE,,,unknown,Western Cape Pharmacy Network List,2024-07-15,18,needs_location_review,true
184616,Medirite Pharmacy - Tableview,TABLE VIEW,TABLE VIEW,"BAYSIDE CENTRE CHECKERS, 2599 OTTO DU PLESSIS DRIVE, TABLE VIEW",021 5568591,WESTERN CAPE,,,unknown,Western Cape Pharmacy Network List,2024-07-15,18,needs_location_review,true
6081924,Chemist Advice - Bayside Incorpo,TABLE VIEW,TABLE VIEW,"SHOP 71 BAYSIDE SHOPPING CENTRE, CNR BLAAUWBERG & WEST COAST ROAD",021 5573893,WESTERN CAPE,,,unknown,Western Cape Pharmacy Network List,2024-07-15,18,needs_location_review,true
403431,Dis-Chem Bayside Pharmacy,TABLE VIEW,TABLE VIEW,"SHOP E02 & E03 BAYSIDE MALL CNR, BLAAUWBERG & OTTO DU PLESSIS, DRIVE",021 5226144,WESTERN CAPE,,,unknown,Western Cape Pharmacy Network List,2024-07-15,18,needs_location_review,true
280968,Pick 'N Pay Pharmacy - Table Vie,TABLE VIEW,TABLE VIEW,"PICK N PAY TABLE VIEW SHOPPING, CENTRE 274 BLAAUWBERG ROAD",021 5215840,WESTERN CAPE,,,unknown,Western Cape Pharmacy Network List,2024-07-15,18,needs_location_review,true
41122,Pharmacross Tableview,TABLE VIEW,TABLE VIEW,95 BLOUBERG ROAD,021 5511050,WESTERN CAPE,,,unknown,Western Cape Pharmacy Network List,2024-07-15,18,needs_location_review,true
175870,Clicks Pharmacy - Blue Route,TOKAI,TOKAI,"SHOP 67 GROUND FLOOR BLUE ROUTE, MALL 16 TOKAI ROAD, TOKAI",021 7131519,WESTERN CAPE,-34.062082,18.439965,town,Western Cape Pharmacy Network List,2024-07-15,18,verified,true
6080383,David Bloom Pharmacy,TOKAI,TOKAI,"SHOP 23 PICK N PAY CENTRE TOKAI, JUNCTION CNR MAIN & TOKAI ROAD, TOKAI",021 7158745,WESTERN CAPE,-34.061329,18.436553,town,Western Cape Pharmacy Network List,2024-07-15,18,verified,true
693758,Clicks Pharmacy Tokai,TOKAI,TOKAI,"CNR TOKAI ROAD & KEYSER RIVER, DRIVE, TOKAI",021 7155017,WESTERN CAPE,-34.062035,18.436506,town,Western Cape Pharmacy Network List,2024-07-15,18,verified,true
457337,Dis-Chem Blue Route Pharmacy,TOKAI,TOKAI,"SHOP F206 BLUE ROUTE MALL, 16 TOKAI ROAD, TOKAI",021 7101230,WESTERN CAPE,-34.060953,18.435635,town,Western Cape Pharmacy Network List,2024-07-15,18,verified,true
6073476,Pharmacross Tokai Dispensary,TOKAI,TOKAI,CNR TOKAI & KEYSER RIVER DRIVE,021 7109962,WESTERN CAPE,-34.059988,18.435047,town,Western Cape Pharmacy Network List,2024-07-15,18,verified,true
305537,Clicks Pharmacy - Secunda,TRICHARDT,TRICHARDT,"SHOP 6 NE CENTRE SECUNDA PLAZA, PAUL KRUGER STREET",017 6341164,WESTERN CAPE,,,unknown,Western Cape Pharmacy Network List,2024-07-15,18,needs_location_review,true
95559,Hydromed Trichardt Pharmacy,TRICHARDT,TRICHARDT,VOORTREKKER STREET,017 6388252,WESTERN CAPE,,,unknown,Western Cape Pharmacy Network List,2024-07-15,18,needs_location_review,true
260126,Tulbagh Pharmacy,TULBAGH,TULBAGH,14 VAN DER STEL STREET,023 2300150,WESTERN CAPE,,,unknown,Western Cape Pharmacy Network List,2024-07-15,18,needs_location_review,true
6077617,Tuscany Glen Pharmacy,TUSCANY GLEN,TUSCANY GLEN,188 BLUEDOWNS WAY,021 9091428,WESTERN CAPE,,,unknown,Western Cape Pharmacy Network List,2024-07-15,18,needs_location_review,true
183512,Intercare Tygervalley Pharmacy,TYGER VALLEY,TYGER VALLEY,"LEVEL 3 INTERCARE MEDICAL &, DENTAL CENTRE 43 OLD OAK ROAD, TYGER VALLEY",021 9142544,WESTERN CAPE,,,unknown,Western Cape Pharmacy Network List,2024-07-15,18,needs_location_review,true
166596,Medirite Pharmacy - N1 City,VASCO,VASCO,"N1 CITY SHOPPING CENTRE, FRANS CONRADIE DRIVE, VASCO",021 5953404,WESTERN CAPE,,,unknown,Western Cape Pharmacy Network List,2024-07-15,19,needs_location_review,true
419265,Medirite Pharmacy - Vasco,VASCO ESTATE,VASCO ESTATE,"SHOPRITE CNR VOORTREKKER ROAD &, SPENCER STREET, VASCO",021 5918740,WESTERN CAPE,,,unknown,Western Cape Pharmacy Network List,2024-07-15,19,needs_location_review,true
548243,Pharmacy At Spar Laaiplek,VELDDRIF,VELDDRIF,"SHOP 3 SPAR CENTRE CNR, VOORTREKKER ROAD & JAMESON, LAAIPLEK",022 7830424,WESTERN CAPE,,,unknown,Western Cape Pharmacy Network List,2024-07-15,19,needs_location_review,true
6032648,Kruger Pharmacy,VILLIERSDORP,VILLIERSDORP,"36 MAIN ROAD, VILLIERSDORP",028 8401112,WESTERN CAPE,,,unknown,Western Cape Pharmacy Network List,2024-07-15,19,needs_location_review,true
6001890,Chinn S Corner Pharmacy,VREDEHOEK,VREDEHOEK,"169 BUITENKANT STREET, VREDEHOEK",021 4656222,WESTERN CAPE,,,unknown,Western Cape Pharmacy Network List,2024-07-15,19,needs_location_review,true
6006884,Distrik Apteek,VREDENBURG,VREDENBURG,35 MAIN STREET,022 7135261,WESTERN CAPE,-32.910341,17.990153,town,Western Cape Pharmacy Network List,2024-07-15,19,verified,true
6032729,Weskem Pharmacy,VREDENBURG,VREDENBURG,"IPIC CENTRE, MAIN STREET",022 7131184,WESTERN CAPE,-32.906106,17.988059,town,Western Cape Pharmacy Network List,2024-07-15,19,verified,true
812412,Dis-Chem Weskus Mall Pharmacy,VREDENBURG,VREDENBURG,"SHOP L45 WESKUS MALL, 110 SALDANHA ROAD, VREDENBURG",021 5410045,WESTERN CAPE,-32.906435,17.991918,town,Western Cape Pharmacy Network List,2024-07-15,19,verified,true
329304,Medirite Witteklip Pharmacy,VREDENBURG,VREDENBURG,"CHECKERS WEST COAST MALL, SALDANHA ROAD, VREDENBURG",022 7133720,WESTERN CAPE,-32.910459,17.990365,town,Western Cape Pharmacy Network List,2024-07-15,19,verified,true
336378,Clicks Pharmacy - Vredenburg,VREDENBURG,VREDENBURG,"SHOP 11 PICK N PAY CENTRE, MAIN STREET, VREDENBURG",022 7191695,WESTERN CAPE,-32.905282,17.991494,town,Western Cape Pharmacy Network List,2024-07-15,19,verified,true
347159,Clicks Pharmacy Witteklip Mall,VREDENBURG,VREDENBURG,"SHOP U40 UPPER LEVEL WESKUS, MALL CNR SALDANHA ROAD & FLORYN, STREET",022 7135459,WESTERN CAPE,-32.908459,17.990176,town,Western Cape Pharmacy Network List,2024-07-15,19,verified,true
6006906,Vredendal Pharmacy,VREDENDAL,VREDENDAL,"13 CENTRAL STREET, VREDENDAL",027 2131510,WESTERN CAPE,,,unknown,Western Cape Pharmacy Network List,2024-07-15,19,needs_location_review,true
552658,Clicks Pharmacy Vredendal Mall,VREDENDAL,VREDENDAL,"SHOP 1735 MASKAM MALL, CHURCH STREET, VREDENDAL",027 2131089,WESTERN CAPE,,,unknown,Western Cape Pharmacy Network List,2024-07-15,19,needs_location_review,true
61778,Nu-Crane Pharmacy,VRIJZEE,VRIJZEE,"285 VOORTREKKER ROAD, VRIJZEE",021 5913531,WESTERN CAPE,,,unknown,Western Cape Pharmacy Network List,2024-07-15,19,needs_location_review,true
676918,Clicks Pharmacy- Clock Tower,WATERFRONT,WATERFRONT,"SHOPS 103 - 110 CLOCK TOWER, SHOPPING CENTRE SOUTH ARM ROAD, WATERFRONT",021 4181445,WESTERN CAPE,,,unknown,Western Cape Pharmacy Network List,2024-07-15,19,needs_location_review,true
183504,Clicks Pharmacy - V & A Waterfro,WATERFRONT,WATERFRONT,"SHOP 7113 VICTORIA WHARF, SHOPPING CENTRE BREAKWATER, WATERFRONT",021 4255953,WESTERN CAPE,,,unknown,Western Cape Pharmacy Network List,2024-07-15,19,needs_location_review,true
6082602,Durbell Oude Hof Pharmacy,WELGEDACHT,WELGEDACHT,"SHOP 13 VAN RIEBEECKSHOF CENTRE, CNR VAN RIEBEECKSHOF &, KOELENHOF ROAD",021 9130331,WESTERN CAPE,,,unknown,Western Cape Pharmacy Network List,2024-07-15,19,needs_location_review,true
526711,Clicks Pharmacy Welgemoed,WELGEMOED,WELGEMOED,"WELGEMOED FORUM CNR JIP DE JAGER, DRIVE & KOMMISSARIS STREET",021 9133987,WESTERN CAPE,,,unknown,Western Cape Pharmacy Network List,2024-07-15,19,needs_location_review,true
6006965,Bergrivier Pharmacy,WELLINGTON,WELLINGTON,"MASONIC CENTRE, 49 CHURCH STREET, WELLINGTON",021 8732569,WESTERN CAPE,-33.638153,19.011341,town,Western Cape Pharmacy Network List,2024-07-15,19,verified,true
672033,Clicks Pharmacy - Welgelee Plein,WELLINGTON,WELLINGTON,"SHOP 1 - 2 WELGELEE PLEIN CNR, CHAMPAGNE & PIET RETIEF STREET, WELLINGTON",021 8641997,WESTERN CAPE,-33.642082,19.013035,town,Western Cape Pharmacy Network List,2024-07-15,19,verified,true
369195,Clicks Pharmacy - Wellington,WELLINGTON,WELLINGTON,"SHOP 27 28 35 & 36 MARKET, SQUARE DEVELOPMENT HOOFWEG ROAD, WELLINGTON",021 8733138,WESTERN CAPE,-33.637659,19.013318,town,Western Cape Pharmacy Network List,2024-07-15,19,verified,true
135240,Goedemoed Pharmacy,WELLWAY PARK,WELLWAY PARK,"SHOP 3 SEVEN ELEVEN CENTRE, CNR. LINK & LUBBE STREET",021 9751784,WESTERN CAPE,,,unknown,Western Cape Pharmacy Network List,2024-07-15,19,needs_location_review,true
1140159,Pharmacy At Spar Weltevreden,WELTEVREDEN VALLEY,WELTEVREDEN VALLEY,"SHOP 3C CAMISSA SHOPPING CENTRE, HOLLYWOOD CRESENT, WELTEVREDEN VALLEY",,WESTERN CAPE,,,unknown,Western Cape Pharmacy Network List,2024-07-15,19,needs_location_review,true
17418,Pharmacross Roodepoort,WESTGATE,WESTGATE,CORNER ONTDEKKERS & HELDERKRUIN,086 0254257,WESTERN CAPE,,,unknown,Western Cape Pharmacy Network List,2024-07-15,19,needs_location_review,true
149950,Wildernis Pharmacy,WILDERNESS,WILDERNESS,"223 GEORGE ROAD, WILDERNIS",044 8770621,WESTERN CAPE,,,unknown,Western Cape Pharmacy Network List,2024-07-15,19,needs_location_review,true
822299,Clicks Pharmacy Woodstock Quarte,WOODSTOCK,WOODSTOCK,"187 SIR LOWRY ROAD, WOODSTOCK",021 4472692,WESTERN CAPE,,,unknown,Western Cape Pharmacy Network List,2024-07-15,19,needs_location_review,true
6047173,Narotam Pharmacy,WORCESTER,WORCESTER,"60 ADDERLEY STREET, WORCESTER",023 3426762,WESTERN CAPE,-33.644859,19.446388,town,Western Cape Pharmacy Network List,2024-07-15,19,verified,true
6007058,Homes Pharmacy,WORCESTER,WORCESTER,77 HIGH STREET,023 3470012,WESTERN CAPE,-33.643306,19.446365,town,Western Cape Pharmacy Network List,2024-07-15,19,verified,true
6007074,Quenets Pharmacy,WORCESTER,WORCESTER,"QUENET ARCADE, 72 HIGH STREET, WORCESTER",023 3470844,WESTERN CAPE,-33.647847,19.446318,town,Western Cape Pharmacy Network List,2024-07-15,19,verified,true
6035485,Durban Street Pharmacy,WORCESTER,WORCESTER,126B DURBAN STREET,023 3472075,WESTERN CAPE,-33.643024,19.445988,town,Western Cape Pharmacy Network List,2024-07-15,20,verified,true
704989,Clicks Pharmacy Worcester,WORCESTER,WORCESTER,"34 STOCKENSTROM STREET, WORCESTER",023 3421269,WESTERN CAPE,-33.648035,19.448882,town,Western Cape Pharmacy Network List,2024-07-15,20,verified,true
555223,Dis-Chem Worcester Pharmacy,WORCESTER,WORCESTER,"SHOP 55 MOUNTAIN MILL SHOPPING, CENTRE 13 MOUNTAIN MILL DRIVE, HOSPITAL HILL",023 3465340,WESTERN CAPE,-33.6474,19.449659,town,Western Cape Pharmacy Network List,2024-07-15,20,verified,true
213241,Clicks Pharmacy - Mountain Mill,WORCESTER,WORCESTER,"SHOP 111 MOUNTAIN MILL SHOPPING, CENTRE MOUNTAIN MILL DRIVE, HOSPITAL HILL",023 3424564,WESTERN CAPE,-33.644835,19.446247,town,Western Cape Pharmacy Network List,2024-07-15,20,verified,true
291625,Medirite Pharmacy - Mountain Mil,WORCESTER,WORCESTER,"SHOP 1 CHECKERS MOUNTAIN MILL, CENTRE 13 MOUNTAIN MILL DRIVE, HOSPITAL HILL",023 3474763,WESTERN CAPE,-33.644176,19.448388,town,Western Cape Pharmacy Network List,2024-07-15,20,verified,true
15938,Medi-Kem Pharmacy,WORCESTER,WORCESTER,"36A RIEBEECK STREET, WORCESTER",023 3427667,WESTERN CAPE,-33.646506,19.445212,town,Western Cape Pharmacy Network List,2024-07-15,20,verified,true
166898,Fairbairn Pharmacy,WORCESTER,WORCESTER,"64A FAIRBAIRN STREET, WORCESTER",023 3477755,WESTERN CAPE,-33.646129,19.449918,town,Western Cape Pharmacy Network List,2024-07-15,20,verified,true
6003427,Wynberg Pharmacy,WYNBERG,WYNBERG,"222 MAIN ROAD, WYNBERG",021 7978141,WESTERN CAPE,-34.003694,18.471576,town,Western Cape Pharmacy Network List,2024-07-15,20,verified,true
6039502,Kem-Park Pharmacy,WYNBERG,WYNBERG,"SHOP 6 FLYWELL CENTRE, CNR OTTERY & BATH ROAD, WYNBERG",021 7614970,WESTERN CAPE,-34.005835,18.471647,town,Western Cape Pharmacy Network List,2024-07-15,20,verified,true
1165100,Park Road Pharmacy,WYNBERG,WYNBERG,"65 PARK ROAD, WYNBERG",,WESTERN CAPE,-34.003059,18.469106,town,Western Cape Pharmacy Network List,2024-07-15,20,verified,true
6047696,Broad Road Pharmacy,WYNBERG,WYNBERG,"SHOP 2 BROAD ROAD MEDICAL, CENTRE 38-42 BROAD ROAD",021 7973823,WESTERN CAPE,-34.007929,18.468376,town,Western Cape Pharmacy Network List,2024-07-15,20,verified,true
629332,Rivetts Pharmacy,WYNBERG,WYNBERG,52 MAIN ROAD,021 7971991,WESTERN CAPE,-34.006424,18.467741,town,Western Cape Pharmacy Network List,2024-07-15,20,verified,true
529788,Mike'S Pharmacy,YZERFONTEIN,YZERFONTEIN,"SHOP 5, BUITEKANT SQUARE, 51 BUITEKANT STREET",022 4512095,WESTERN CAPE,-33.345929,18.164412,town,Western Cape Pharmacy Network List,2024-07-15,20,verified,true
660620,Mike'S Pharmacy,YZERFONTEIN,YZERFONTEIN,"SECTION 12 & 13, VILLA FONTANA, 1 LUTIE KATZ STREET",022 4512095,WESTERN CAPE,-33.343812,18.1598,town,Western Cape Pharmacy Network List,2024-07-15,20,verified,true
